[ { "id": "22144" ,"t" : "AAPL" ,"e" : "NASDAQ" ,"l" : "392.05" ,"l_cur" : "392.05" ,"s": "2" ,"ltt":"4:00PM EDT" ,"lt" : "Apr 18, 4:00PM EDT" ,"c" : "-10.75" ,"cp" : "-2.67" ,"ccol" : "chr" ,"el": "390.50" ,"el_cur": "390.50" ,"elt" : "Apr 18, 4:45PM EDT" ,"ec" : "-1.55" ,"ecp" : "-0.40" ,"eccol" : "chr" ,"div" : "2.65" ,"yld" : "2.70" ,"eo" : "" ,"delay": "" ,"op" : "404.99" ,"hi" : "405.79" ,"lo" : "389.74" ,"vo" : "23.71M" ,"avvo" : "14.94M" ,"hi52" : "705.07" ,"lo52" : "389.74" ,"mc" : "368.16B" ,"pe" : "8.89" ,"fwpe" : "" ,"beta" : "1.04" ,"eps" : "44.10" ,"shares" : "939.06M" ,"inst_own" : "64%" ,"name" : "Apple Inc." ,"type" : "Company" } ,{ "id": "694653" ,"t" : "GOOG" ,"e" : "NASDAQ" ,"l" : "765.35" ,"l_cur" : "765.35" ,"s": "2" ,"ltt":"4:00PM EDT" ,"lt" : "Apr 18, 4:00PM EDT" ,"c" : "-17.21" ,"cp" : "-2.20" ,"ccol" : "chr" ,"el": "773.00" ,"el_cur": "773.00" ,"elt" : "Apr 18, 4:45PM EDT" ,"ec" : "+7.65" ,"ecp" : "1.00" ,"eccol" : "chg" ,"div" : "" ,"yld" : "" ,"eo" : "" ,"delay": "" ,"op" : "785.35" ,"hi" : "785.80" ,"lo" : "761.26" ,"vo" : "3.07M" ,"avvo" : "2.06M" ,"hi52" : "844.00" ,"lo52" : "556.52" ,"mc" : "252.31B" ,"pe" : "23.57" ,"fwpe" : "" ,"beta" : "1.00" ,"eps" : "32.47" ,"shares" : "329.66M" ,"inst_own" : "70%" ,"name" : "Google Inc" ,"type" : "Company" } ,{ "id": "296878244325128" ,"t" : "FB" ,"e" : "NASDAQ" ,"l" : "25.67" ,"l_cur" : "25.67" ,"s": "2" ,"ltt":"4:00PM EDT" ,"lt" : "Apr 18, 4:00PM EDT" ,"c" : "-0.95" ,"cp" : "-3.59" ,"ccol" : "chr" ,"el": "25.38" ,"el_cur": "25.38" ,"elt" : "Apr 18, 4:42PM EDT" ,"ec" : "-0.29" ,"ecp" : "-1.13" ,"eccol" : "chr" ,"div" : "" ,"yld" : "" ,"eo" : "" ,"delay": "" ,"op" : "26.82" ,"hi" : "26.82" ,"lo" : "25.15" ,"vo" : "38.96M" ,"avvo" : "36.43M" ,"hi52" : "45.00" ,"lo52" : "17.55" ,"mc" : "61.15B" ,"pe" : "1,737.98" ,"fwpe" : "" ,"beta" : "" ,"eps" : "0.01" ,"shares" : "2.38B" ,"inst_own" : "35%" ,"name" : "Facebook Inc" ,"type" : "Company" } ]