<?xml version="1.0" encoding="UTF-8"?>
<!-- Benjamin Swartz
CIS 114 OL
usacomedy.xml
Assignment 6
4-19-2013 -->
<rss version="2.0"
	xmlns:dc="http://purl.org/dc/elements/1.1/"
	xmlns:sy="http://purl.org/rss/1.0/modules/syndication/"
	xmlns:content="http://purl.org/rss/1.0/modules/content/"
  xmlns:atom="http://www.w3.org/2005/Atom"
	xmlns:itms="http://phobos.apple.com/rss/1.0/modules/itms/">

	<channel>
		<title>iTunes 10 Just Added Albums</title>
		<link>http://itunes.apple.com/WebObjects/MZStore.woa/wa/viewNewReleases?pageType=justAdded&amp;id=3</link>
    <atom:link href="http://ax.phobos.apple.com.edgesuite.net/WebObjects/MZStore.woa/wpa/MRSS/justadded/sf=143441/limit=10/genre=3/rss.xml" rel="self" type="application/rss+xml" />
		<description>iTunes Store: 10 Just Added Albums in Comedy</description>
		<language>en</language>
		<copyright>Copyright 2008 Apple Inc.

		</copyright>
		<lastBuildDate>Sun, 07 Nov 2010 12:03:05 -0700</lastBuildDate>
		<generator>iTunes Music Store RSS v1.0.0</generator>
		<webMaster>musicstore@apple.com (iTunes Music Store)</webMaster>
		<ttl>240</ttl>

		<dc:creator>iTunes Music Store</dc:creator>
		<dc:date>2010-11-07T12:03:05-07:00</dc:date>

		<sy:updatePeriod>hourly</sy:updatePeriod>
		<sy:updateFrequency>1</sy:updateFrequency>
		<sy:updateBase>2003-09-01T12:00+00:00</sy:updateBase>
		<image>
			<url>http://ax.phobos.apple.com.edgesuite.net/images/rss/badge.gif</url>
			<link>http://www.apple.com/itunes/</link>
			<title>iTunes Music Store</title>
			<height>31</height>
			<width>88</width>
		</image>
		<item>
    <title>The Family Radio, Vol. 2 - Garrison Keillor</title>
    <link>http://itunes.apple.com/album/the-family-radio-vol-2/id401270874?uo=1&amp;v0=9989</link>
    <description>The Family Radio, Vol. 2 by Garrison Keillor</description>
    <pubDate>Sun, 07 Nov 2010 12:03:05 -0700</pubDate>
    <content:encoded><![CDATA[<TABLE BORDER=0 WIDTH="100%"><TR><TD><table border="0" width="100%" cellspacing="0" cellpadding="0">
				<tr valign="top" align="left">
					<td ALIGN=CENTER WIDTH=166 VALIGN=TOP><a href="http://itunes.apple.com/album/the-family-radio-vol-2/id401270874?uo=1&v0=9989"><img border="0" src="http://a1.phobos.apple.com/us/r30/Music/c4/6b/86/mzi.pvvlkxkm.100x100-75.jpg"></a></td>
					<td width="10"><img alt="" width="10" height="1" src="http://ax.phobos.apple.com.edgesuite.net/images/spacer.gif"></td>
					<td width="95%"><B><a href="http://itunes.apple.com/album/the-family-radio-vol-2/id401270874?uo=1&v0=9989">The Family Radio, Vol. 2</a></B><br>
						<a href="http://itunes.apple.com/artist/garrison-keillor/id1003510?uo=1&v0=9989">Garrison Keillor</a><br><br>
						<font size="3" FACE="Helvetica,Arial,Geneva,Swiss,SunSans-Regular"><B>Release Date:</B>
						September 08, 2010<br>
						</font><font size="3" FACE="Helvetica,Arial,Geneva,Swiss,SunSans-Regular"><B>Total Songs:</B>
						11</font><br>
						<font size="3" FACE="Helvetica,Arial,Geneva,Swiss,SunSans-Regular"><B>Genre:</B>
						<a href="http://itunes.apple.com/genre/music-comedy/id3?uo=1&v0=9989">Comedy</a></font><br>
						<font size="3" FACE="Helvetica,Arial,Geneva,Swiss,SunSans-Regular"><B>Price:</B>
						$9.99</font><br>
						<font size="3" FACE="Helvetica,Arial,Geneva,Swiss,SunSans-Regular"><B>Copyright</B>
						2010 HighBridge Company</font></td>
				</tr>
			</table></TD></TR>
			</TABLE>
]]></content:encoded>
    <category domain="http://itunes.apple.com/genre/music-comedy/id3?uo=1&amp;v0=9989">Comedy</category>
    <itms:artist>Garrison Keillor</itms:artist>
    <itms:artistLink>http://itunes.apple.com/artist/garrison-keillor/id1003510?uo=1&amp;v0=9989</itms:artistLink>
    <itms:album>The Family Radio, Vol. 2</itms:album>
    <itms:albumLink>http://itunes.apple.com/album/the-family-radio-vol-2/id401270874?uo=1&amp;v0=9989</itms:albumLink>
    <itms:albumPrice>$9.99</itms:albumPrice>
                
                <itms:coverArt height="53" width="53">http://a1.phobos.apple.com/us/r30/Music/c4/6b/86/mzi.pvvlkxkm.53x53-50.jpg</itms:coverArt>
    <itms:coverArt height="60" width="60">http://a1.phobos.apple.com/us/r30/Music/c4/6b/86/mzi.pvvlkxkm.60x60-50.jpg</itms:coverArt>
    <itms:coverArt height="100" width="100">http://a1.phobos.apple.com/us/r30/Music/c4/6b/86/mzi.pvvlkxkm.100x100-75.jpg</itms:coverArt>
    
    
    <itms:rights>2010 HighBridge Company</itms:rights>
    
        <itms:releasedate>September 08, 2010</itms:releasedate>
    

</item>
<item>
    <title>News From Lake Wobegon: Winter - Garrison Keillor</title>
    <link>http://itunes.apple.com/album/news-from-lake-wobegon-winter/id401265343?uo=1&amp;v0=9989</link>
    <description>News From Lake Wobegon: Winter by Garrison Keillor</description>
    <pubDate>Sun, 07 Nov 2010 12:03:05 -0700</pubDate>
    <content:encoded><![CDATA[<TABLE BORDER=0 WIDTH="100%"><TR><TD><table border="0" width="100%" cellspacing="0" cellpadding="0">
				<tr valign="top" align="left">
					<td ALIGN=CENTER WIDTH=166 VALIGN=TOP><a href="http://itunes.apple.com/album/news-from-lake-wobegon-winter/id401265343?uo=1&v0=9989"><img border="0" src="http://a1.phobos.apple.com/us/r30/Music/f7/6b/cb/mzi.vhojpmzk.100x100-75.jpg"></a></td>
					<td width="10"><img alt="" width="10" height="1" src="http://ax.phobos.apple.com.edgesuite.net/images/spacer.gif"></td>
					<td width="95%"><B><a href="http://itunes.apple.com/album/news-from-lake-wobegon-winter/id401265343?uo=1&v0=9989">News From Lake Wobegon: Winter</a></B><br>
						<a href="http://itunes.apple.com/artist/garrison-keillor/id1003510?uo=1&v0=9989">Garrison Keillor</a><br><br>
						<font size="3" FACE="Helvetica,Arial,Geneva,Swiss,SunSans-Regular"><B>Release Date:</B>
						September 07, 2010<br>
						</font><font size="3" FACE="Helvetica,Arial,Geneva,Swiss,SunSans-Regular"><B>Total Songs:</B>
						5</font><br>
						<font size="3" FACE="Helvetica,Arial,Geneva,Swiss,SunSans-Regular"><B>Genre:</B>
						<a href="http://itunes.apple.com/genre/music-comedy/id3?uo=1&v0=9989">Comedy</a></font><br>
						<font size="3" FACE="Helvetica,Arial,Geneva,Swiss,SunSans-Regular"><B>Price:</B>
						$9.99</font><br>
						<font size="3" FACE="Helvetica,Arial,Geneva,Swiss,SunSans-Regular"><B>Copyright</B>
						2010 HighBridge Company</font></td>
				</tr>
			</table></TD></TR>
			</TABLE>
]]></content:encoded>
    <category domain="http://itunes.apple.com/genre/music-comedy/id3?uo=1&amp;v0=9989">Comedy</category>
    <itms:artist>Garrison Keillor</itms:artist>
    <itms:artistLink>http://itunes.apple.com/artist/garrison-keillor/id1003510?uo=1&amp;v0=9989</itms:artistLink>
    <itms:album>News From Lake Wobegon: Winter</itms:album>
    <itms:albumLink>http://itunes.apple.com/album/news-from-lake-wobegon-winter/id401265343?uo=1&amp;v0=9989</itms:albumLink>
    <itms:albumPrice>$9.99</itms:albumPrice>
                
                <itms:coverArt height="53" width="53">http://a1.phobos.apple.com/us/r30/Music/f7/6b/cb/mzi.vhojpmzk.53x53-50.jpg</itms:coverArt>
    <itms:coverArt height="60" width="60">http://a1.phobos.apple.com/us/r30/Music/f7/6b/cb/mzi.vhojpmzk.60x60-50.jpg</itms:coverArt>
    <itms:coverArt height="100" width="100">http://a1.phobos.apple.com/us/r30/Music/f7/6b/cb/mzi.vhojpmzk.100x100-75.jpg</itms:coverArt>
    
    
    <itms:rights>2010 HighBridge Company</itms:rights>
    
        <itms:releasedate>September 07, 2010</itms:releasedate>
    

</item>
<item>
    <title>News from Lake Wobegon: Fall - Garrison Keillor</title>
    <link>http://itunes.apple.com/album/news-from-lake-wobegon-fall/id401257649?uo=1&amp;v0=9989</link>
    <description>News from Lake Wobegon: Fall by Garrison Keillor</description>
    <pubDate>Sun, 07 Nov 2010 12:03:05 -0700</pubDate>
    <content:encoded><![CDATA[<TABLE BORDER=0 WIDTH="100%"><TR><TD><table border="0" width="100%" cellspacing="0" cellpadding="0">
				<tr valign="top" align="left">
					<td ALIGN=CENTER WIDTH=166 VALIGN=TOP><a href="http://itunes.apple.com/album/news-from-lake-wobegon-fall/id401257649?uo=1&v0=9989"><img border="0" src="http://a1.phobos.apple.com/us/r30/Music/07/4d/ba/mzi.wsvhqbqw.100x100-75.jpg"></a></td>
					<td width="10"><img alt="" width="10" height="1" src="http://ax.phobos.apple.com.edgesuite.net/images/spacer.gif"></td>
					<td width="95%"><B><a href="http://itunes.apple.com/album/news-from-lake-wobegon-fall/id401257649?uo=1&v0=9989">News from Lake Wobegon: Fall</a></B><br>
						<a href="http://itunes.apple.com/artist/garrison-keillor/id1003510?uo=1&v0=9989">Garrison Keillor</a><br><br>
						<font size="3" FACE="Helvetica,Arial,Geneva,Swiss,SunSans-Regular"><B>Release Date:</B>
						September 07, 2010<br>
						</font><font size="3" FACE="Helvetica,Arial,Geneva,Swiss,SunSans-Regular"><B>Total Songs:</B>
						5</font><br>
						<font size="3" FACE="Helvetica,Arial,Geneva,Swiss,SunSans-Regular"><B>Genre:</B>
						<a href="http://itunes.apple.com/genre/music-comedy/id3?uo=1&v0=9989">Comedy</a></font><br>
						<font size="3" FACE="Helvetica,Arial,Geneva,Swiss,SunSans-Regular"><B>Price:</B>
						$9.99</font><br>
						<font size="3" FACE="Helvetica,Arial,Geneva,Swiss,SunSans-Regular"><B>Copyright</B>
						2010 HighBridge Company</font></td>
				</tr>
			</table></TD></TR>
			</TABLE>
]]></content:encoded>
    <category domain="http://itunes.apple.com/genre/music-comedy/id3?uo=1&amp;v0=9989">Comedy</category>
    <itms:artist>Garrison Keillor</itms:artist>
    <itms:artistLink>http://itunes.apple.com/artist/garrison-keillor/id1003510?uo=1&amp;v0=9989</itms:artistLink>
    <itms:album>News from Lake Wobegon: Fall</itms:album>
    <itms:albumLink>http://itunes.apple.com/album/news-from-lake-wobegon-fall/id401257649?uo=1&amp;v0=9989</itms:albumLink>
    <itms:albumPrice>$9.99</itms:albumPrice>
                
                <itms:coverArt height="53" width="53">http://a1.phobos.apple.com/us/r30/Music/07/4d/ba/mzi.wsvhqbqw.53x53-50.jpg</itms:coverArt>
    <itms:coverArt height="60" width="60">http://a1.phobos.apple.com/us/r30/Music/07/4d/ba/mzi.wsvhqbqw.60x60-50.jpg</itms:coverArt>
    <itms:coverArt height="100" width="100">http://a1.phobos.apple.com/us/r30/Music/07/4d/ba/mzi.wsvhqbqw.100x100-75.jpg</itms:coverArt>
    
    
    <itms:rights>2010 HighBridge Company</itms:rights>
    
        <itms:releasedate>September 07, 2010</itms:releasedate>
    

</item>
<item>
    <title>The Family Radio, Vol. 1 - Garrison Keillor</title>
    <link>http://itunes.apple.com/album/the-family-radio-vol-1/id401246415?uo=1&amp;v0=9989</link>
    <description>The Family Radio, Vol. 1 by Garrison Keillor</description>
    <pubDate>Sun, 07 Nov 2010 12:03:05 -0700</pubDate>
    <content:encoded><![CDATA[<TABLE BORDER=0 WIDTH="100%"><TR><TD><table border="0" width="100%" cellspacing="0" cellpadding="0">
				<tr valign="top" align="left">
					<td ALIGN=CENTER WIDTH=166 VALIGN=TOP><a href="http://itunes.apple.com/album/the-family-radio-vol-1/id401246415?uo=1&v0=9989"><img border="0" src="http://a1.phobos.apple.com/us/r30/Music/c4/6b/86/mzi.zldgcode.100x100-75.jpg"></a></td>
					<td width="10"><img alt="" width="10" height="1" src="http://ax.phobos.apple.com.edgesuite.net/images/spacer.gif"></td>
					<td width="95%"><B><a href="http://itunes.apple.com/album/the-family-radio-vol-1/id401246415?uo=1&v0=9989">The Family Radio, Vol. 1</a></B><br>
						<a href="http://itunes.apple.com/artist/garrison-keillor/id1003510?uo=1&v0=9989">Garrison Keillor</a><br><br>
						<font size="3" FACE="Helvetica,Arial,Geneva,Swiss,SunSans-Regular"><B>Release Date:</B>
						September 08, 2010<br>
						</font><font size="3" FACE="Helvetica,Arial,Geneva,Swiss,SunSans-Regular"><B>Total Songs:</B>
						14</font><br>
						<font size="3" FACE="Helvetica,Arial,Geneva,Swiss,SunSans-Regular"><B>Genre:</B>
						<a href="http://itunes.apple.com/genre/music-comedy/id3?uo=1&v0=9989">Comedy</a></font><br>
						<font size="3" FACE="Helvetica,Arial,Geneva,Swiss,SunSans-Regular"><B>Price:</B>
						$9.99</font><br>
						<font size="3" FACE="Helvetica,Arial,Geneva,Swiss,SunSans-Regular"><B>Copyright</B>
						2010 HighBridge Company</font></td>
				</tr>
			</table></TD></TR>
			</TABLE>
]]></content:encoded>
    <category domain="http://itunes.apple.com/genre/music-comedy/id3?uo=1&amp;v0=9989">Comedy</category>
    <itms:artist>Garrison Keillor</itms:artist>
    <itms:artistLink>http://itunes.apple.com/artist/garrison-keillor/id1003510?uo=1&amp;v0=9989</itms:artistLink>
    <itms:album>The Family Radio, Vol. 1</itms:album>
    <itms:albumLink>http://itunes.apple.com/album/the-family-radio-vol-1/id401246415?uo=1&amp;v0=9989</itms:albumLink>
    <itms:albumPrice>$9.99</itms:albumPrice>
                
                <itms:coverArt height="53" width="53">http://a1.phobos.apple.com/us/r30/Music/c4/6b/86/mzi.zldgcode.53x53-50.jpg</itms:coverArt>
    <itms:coverArt height="60" width="60">http://a1.phobos.apple.com/us/r30/Music/c4/6b/86/mzi.zldgcode.60x60-50.jpg</itms:coverArt>
    <itms:coverArt height="100" width="100">http://a1.phobos.apple.com/us/r30/Music/c4/6b/86/mzi.zldgcode.100x100-75.jpg</itms:coverArt>
    
    
    <itms:rights>2010 HighBridge Company</itms:rights>
    
        <itms:releasedate>September 08, 2010</itms:releasedate>
    

</item>
<item>
    <title>A Prairie Home Companion Anniversary Album, Vol. 1 - Garrison Keillor</title>
    <link>http://itunes.apple.com/album/a-prairie-home-companion-anniversary/id401245832?uo=1&amp;v0=9989</link>
    <description>A Prairie Home Companion Anniversary Album, Vol. 1 by Garrison Keillor</description>
    <pubDate>Sun, 07 Nov 2010 12:03:05 -0700</pubDate>
    <content:encoded><![CDATA[<TABLE BORDER=0 WIDTH="100%"><TR><TD><table border="0" width="100%" cellspacing="0" cellpadding="0">
				<tr valign="top" align="left">
					<td ALIGN=CENTER WIDTH=166 VALIGN=TOP><a href="http://itunes.apple.com/album/a-prairie-home-companion-anniversary/id401245832?uo=1&v0=9989"><img border="0" src="http://a1.phobos.apple.com/us/r30/Music/7a/f9/38/mzi.vxtegurt.100x100-75.jpg"></a></td>
					<td width="10"><img alt="" width="10" height="1" src="http://ax.phobos.apple.com.edgesuite.net/images/spacer.gif"></td>
					<td width="95%"><B><a href="http://itunes.apple.com/album/a-prairie-home-companion-anniversary/id401245832?uo=1&v0=9989">A Prairie Home Companion Anniversary Album, Vol. 1</a></B><br>
						<a href="http://itunes.apple.com/artist/garrison-keillor/id1003510?uo=1&v0=9989">Garrison Keillor</a><br><br>
						<font size="3" FACE="Helvetica,Arial,Geneva,Swiss,SunSans-Regular"><B>Release Date:</B>
						September 08, 2010<br>
						</font><font size="3" FACE="Helvetica,Arial,Geneva,Swiss,SunSans-Regular"><B>Total Songs:</B>
						14</font><br>
						<font size="3" FACE="Helvetica,Arial,Geneva,Swiss,SunSans-Regular"><B>Genre:</B>
						<a href="http://itunes.apple.com/genre/music-comedy/id3?uo=1&v0=9989">Comedy</a></font><br>
						<font size="3" FACE="Helvetica,Arial,Geneva,Swiss,SunSans-Regular"><B>Price:</B>
						$9.99</font><br>
						<font size="3" FACE="Helvetica,Arial,Geneva,Swiss,SunSans-Regular"><B>Copyright</B>
						2010 HighBridge Company</font></td>
				</tr>
			</table></TD></TR>
			</TABLE>
]]></content:encoded>
    <category domain="http://itunes.apple.com/genre/music-comedy/id3?uo=1&amp;v0=9989">Comedy</category>
    <itms:artist>Garrison Keillor</itms:artist>
    <itms:artistLink>http://itunes.apple.com/artist/garrison-keillor/id1003510?uo=1&amp;v0=9989</itms:artistLink>
    <itms:album>A Prairie Home Companion Anniversary Album, Vol. 1</itms:album>
    <itms:albumLink>http://itunes.apple.com/album/a-prairie-home-companion-anniversary/id401245832?uo=1&amp;v0=9989</itms:albumLink>
    <itms:albumPrice>$9.99</itms:albumPrice>
                
                <itms:coverArt height="53" width="53">http://a1.phobos.apple.com/us/r30/Music/7a/f9/38/mzi.vxtegurt.53x53-50.jpg</itms:coverArt>
    <itms:coverArt height="60" width="60">http://a1.phobos.apple.com/us/r30/Music/7a/f9/38/mzi.vxtegurt.60x60-50.jpg</itms:coverArt>
    <itms:coverArt height="100" width="100">http://a1.phobos.apple.com/us/r30/Music/7a/f9/38/mzi.vxtegurt.100x100-75.jpg</itms:coverArt>
    
    
    <itms:rights>2010 HighBridge Company</itms:rights>
    
        <itms:releasedate>September 08, 2010</itms:releasedate>
    

</item>
<item>
    <title>More News from Lake Wobegon: Faith - Garrison Keillor</title>
    <link>http://itunes.apple.com/album/more-news-from-lake-wobegon/id401231545?uo=1&amp;v0=9989</link>
    <description>More News from Lake Wobegon: Faith by Garrison Keillor</description>
    <pubDate>Sun, 07 Nov 2010 12:03:05 -0700</pubDate>
    <content:encoded><![CDATA[<TABLE BORDER=0 WIDTH="100%"><TR><TD><table border="0" width="100%" cellspacing="0" cellpadding="0">
				<tr valign="top" align="left">
					<td ALIGN=CENTER WIDTH=166 VALIGN=TOP><a href="http://itunes.apple.com/album/more-news-from-lake-wobegon/id401231545?uo=1&v0=9989"><img border="0" src="http://a1.phobos.apple.com/us/r30/Music/9c/2f/f1/mzi.pctpncbb.100x100-75.jpg"></a></td>
					<td width="10"><img alt="" width="10" height="1" src="http://ax.phobos.apple.com.edgesuite.net/images/spacer.gif"></td>
					<td width="95%"><B><a href="http://itunes.apple.com/album/more-news-from-lake-wobegon/id401231545?uo=1&v0=9989">More News from Lake Wobegon: Faith</a></B><br>
						<a href="http://itunes.apple.com/artist/garrison-keillor/id1003510?uo=1&v0=9989">Garrison Keillor</a><br><br>
						<font size="3" FACE="Helvetica,Arial,Geneva,Swiss,SunSans-Regular"><B>Release Date:</B>
						August 30, 2010<br>
						</font><font size="3" FACE="Helvetica,Arial,Geneva,Swiss,SunSans-Regular"><B>Total Songs:</B>
						4</font><br>
						<font size="3" FACE="Helvetica,Arial,Geneva,Swiss,SunSans-Regular"><B>Genre:</B>
						<a href="http://itunes.apple.com/genre/music-comedy/id3?uo=1&v0=9989">Comedy</a></font><br>
						<font size="3" FACE="Helvetica,Arial,Geneva,Swiss,SunSans-Regular"><B>Price:</B>
						$9.99</font><br>
						<font size="3" FACE="Helvetica,Arial,Geneva,Swiss,SunSans-Regular"><B>Copyright</B>
						2010 HighBridge Company</font></td>
				</tr>
			</table></TD></TR>
			</TABLE>
]]></content:encoded>
    <category domain="http://itunes.apple.com/genre/music-comedy/id3?uo=1&amp;v0=9989">Comedy</category>
    <itms:artist>Garrison Keillor</itms:artist>
    <itms:artistLink>http://itunes.apple.com/artist/garrison-keillor/id1003510?uo=1&amp;v0=9989</itms:artistLink>
    <itms:album>More News from Lake Wobegon: Faith</itms:album>
    <itms:albumLink>http://itunes.apple.com/album/more-news-from-lake-wobegon/id401231545?uo=1&amp;v0=9989</itms:albumLink>
    <itms:albumPrice>$9.99</itms:albumPrice>
                
                <itms:coverArt height="53" width="53">http://a1.phobos.apple.com/us/r30/Music/9c/2f/f1/mzi.pctpncbb.53x53-50.jpg</itms:coverArt>
    <itms:coverArt height="60" width="60">http://a1.phobos.apple.com/us/r30/Music/9c/2f/f1/mzi.pctpncbb.60x60-50.jpg</itms:coverArt>
    <itms:coverArt height="100" width="100">http://a1.phobos.apple.com/us/r30/Music/9c/2f/f1/mzi.pctpncbb.100x100-75.jpg</itms:coverArt>
    
    
    <itms:rights>2010 HighBridge Company</itms:rights>
    
        <itms:releasedate>August 30, 2010</itms:releasedate>
    

</item>
<item>
    <title>Guy Noir: Radio Private Eye - Garrison Keillor</title>
    <link>http://itunes.apple.com/album/guy-noir-radio-private-eye/id401226533?uo=1&amp;v0=9989</link>
    <description>Guy Noir: Radio Private Eye by Garrison Keillor</description>
    <pubDate>Sun, 07 Nov 2010 12:03:05 -0700</pubDate>
    <content:encoded><![CDATA[<TABLE BORDER=0 WIDTH="100%"><TR><TD><table border="0" width="100%" cellspacing="0" cellpadding="0">
				<tr valign="top" align="left">
					<td ALIGN=CENTER WIDTH=166 VALIGN=TOP><a href="http://itunes.apple.com/album/guy-noir-radio-private-eye/id401226533?uo=1&v0=9989"><img border="0" src="http://a1.phobos.apple.com/us/r30/Music/79/17/26/mzi.pqtshxkr.100x100-75.jpg"></a></td>
					<td width="10"><img alt="" width="10" height="1" src="http://ax.phobos.apple.com.edgesuite.net/images/spacer.gif"></td>
					<td width="95%"><B><a href="http://itunes.apple.com/album/guy-noir-radio-private-eye/id401226533?uo=1&v0=9989">Guy Noir: Radio Private Eye</a></B><br>
						<a href="http://itunes.apple.com/artist/garrison-keillor/id1003510?uo=1&v0=9989">Garrison Keillor</a><br><br>
						<font size="3" FACE="Helvetica,Arial,Geneva,Swiss,SunSans-Regular"><B>Release Date:</B>
						September 10, 2010<br>
						</font><font size="3" FACE="Helvetica,Arial,Geneva,Swiss,SunSans-Regular"><B>Total Songs:</B>
						11</font><br>
						<font size="3" FACE="Helvetica,Arial,Geneva,Swiss,SunSans-Regular"><B>Genre:</B>
						<a href="http://itunes.apple.com/genre/music-comedy/id3?uo=1&v0=9989">Comedy</a></font><br>
						<font size="3" FACE="Helvetica,Arial,Geneva,Swiss,SunSans-Regular"><B>Price:</B>
						$9.99</font><br>
						<font size="3" FACE="Helvetica,Arial,Geneva,Swiss,SunSans-Regular"><B>Copyright</B>
						2010 HighBridge Company</font></td>
				</tr>
			</table></TD></TR>
			</TABLE>
]]></content:encoded>
    <category domain="http://itunes.apple.com/genre/music-comedy/id3?uo=1&amp;v0=9989">Comedy</category>
    <itms:artist>Garrison Keillor</itms:artist>
    <itms:artistLink>http://itunes.apple.com/artist/garrison-keillor/id1003510?uo=1&amp;v0=9989</itms:artistLink>
    <itms:album>Guy Noir: Radio Private Eye</itms:album>
    <itms:albumLink>http://itunes.apple.com/album/guy-noir-radio-private-eye/id401226533?uo=1&amp;v0=9989</itms:albumLink>
    <itms:albumPrice>$9.99</itms:albumPrice>
                
                <itms:coverArt height="53" width="53">http://a1.phobos.apple.com/us/r30/Music/79/17/26/mzi.pqtshxkr.53x53-50.jpg</itms:coverArt>
    <itms:coverArt height="60" width="60">http://a1.phobos.apple.com/us/r30/Music/79/17/26/mzi.pqtshxkr.60x60-50.jpg</itms:coverArt>
    <itms:coverArt height="100" width="100">http://a1.phobos.apple.com/us/r30/Music/79/17/26/mzi.pqtshxkr.100x100-75.jpg</itms:coverArt>
    
    
    <itms:rights>2010 HighBridge Company</itms:rights>
    
        <itms:releasedate>September 10, 2010</itms:releasedate>
    

</item>
<item>
    <title>A Few More Pretty Good Jokes - Garrison Keillor</title>
    <link>http://itunes.apple.com/album/a-few-more-pretty-good-jokes/id401221139?uo=1&amp;v0=9989</link>
    <description>A Few More Pretty Good Jokes by Garrison Keillor</description>
    <pubDate>Sun, 07 Nov 2010 12:03:05 -0700</pubDate>
    <content:encoded><![CDATA[<TABLE BORDER=0 WIDTH="100%"><TR><TD><table border="0" width="100%" cellspacing="0" cellpadding="0">
				<tr valign="top" align="left">
					<td ALIGN=CENTER WIDTH=166 VALIGN=TOP><a href="http://itunes.apple.com/album/a-few-more-pretty-good-jokes/id401221139?uo=1&v0=9989"><img border="0" src="http://a1.phobos.apple.com/us/r30/Music/23/3d/39/mzi.bmelshgc.100x100-75.jpg"></a></td>
					<td width="10"><img alt="" width="10" height="1" src="http://ax.phobos.apple.com.edgesuite.net/images/spacer.gif"></td>
					<td width="95%"><B><a href="http://itunes.apple.com/album/a-few-more-pretty-good-jokes/id401221139?uo=1&v0=9989">A Few More Pretty Good Jokes</a></B><br>
						<a href="http://itunes.apple.com/artist/garrison-keillor/id1003510?uo=1&v0=9989">Garrison Keillor</a><br><br>
						<font size="3" FACE="Helvetica,Arial,Geneva,Swiss,SunSans-Regular"><B>Release Date:</B>
						August 31, 2010<br>
						</font><font size="3" FACE="Helvetica,Arial,Geneva,Swiss,SunSans-Regular"><B>Total Songs:</B>
						27</font><br>
						<font size="3" FACE="Helvetica,Arial,Geneva,Swiss,SunSans-Regular"><B>Genre:</B>
						<a href="http://itunes.apple.com/genre/music-comedy/id3?uo=1&v0=9989">Comedy</a></font><br>
						<font size="3" FACE="Helvetica,Arial,Geneva,Swiss,SunSans-Regular"><B>Price:</B>
						$9.99</font><br>
						<font size="3" FACE="Helvetica,Arial,Geneva,Swiss,SunSans-Regular"><B>Copyright</B>
						2010 HighBridge Company</font></td>
				</tr>
			</table></TD></TR>
			</TABLE>
]]></content:encoded>
    <category domain="http://itunes.apple.com/genre/music-comedy/id3?uo=1&amp;v0=9989">Comedy</category>
    <itms:artist>Garrison Keillor</itms:artist>
    <itms:artistLink>http://itunes.apple.com/artist/garrison-keillor/id1003510?uo=1&amp;v0=9989</itms:artistLink>
    <itms:album>A Few More Pretty Good Jokes</itms:album>
    <itms:albumLink>http://itunes.apple.com/album/a-few-more-pretty-good-jokes/id401221139?uo=1&amp;v0=9989</itms:albumLink>
    <itms:albumPrice>$9.99</itms:albumPrice>
                
                <itms:coverArt height="53" width="53">http://a1.phobos.apple.com/us/r30/Music/23/3d/39/mzi.bmelshgc.53x53-50.jpg</itms:coverArt>
    <itms:coverArt height="60" width="60">http://a1.phobos.apple.com/us/r30/Music/23/3d/39/mzi.bmelshgc.60x60-50.jpg</itms:coverArt>
    <itms:coverArt height="100" width="100">http://a1.phobos.apple.com/us/r30/Music/23/3d/39/mzi.bmelshgc.100x100-75.jpg</itms:coverArt>
    
    
    <itms:rights>2010 HighBridge Company</itms:rights>
    
        <itms:releasedate>August 31, 2010</itms:releasedate>
    

</item>
<item>
    <title>Prairie Home Companion 25th Anniversary Collection, Vol. 5 - Garrison Keillor</title>
    <link>http://itunes.apple.com/album/prairie-home-companion-25th/id401220544?uo=1&amp;v0=9989</link>
    <description>Prairie Home Companion 25th Anniversary Collection, Vol. 5 by Garrison Keillor</description>
    <pubDate>Sun, 07 Nov 2010 12:03:05 -0700</pubDate>
    <content:encoded><![CDATA[<TABLE BORDER=0 WIDTH="100%"><TR><TD><table border="0" width="100%" cellspacing="0" cellpadding="0">
				<tr valign="top" align="left">
					<td ALIGN=CENTER WIDTH=166 VALIGN=TOP><a href="http://itunes.apple.com/album/prairie-home-companion-25th/id401220544?uo=1&v0=9989"><img border="0" src="http://a1.phobos.apple.com/us/r30/Music/82/fe/d8/mzi.vluqptpp.100x100-75.jpg"></a></td>
					<td width="10"><img alt="" width="10" height="1" src="http://ax.phobos.apple.com.edgesuite.net/images/spacer.gif"></td>
					<td width="95%"><B><a href="http://itunes.apple.com/album/prairie-home-companion-25th/id401220544?uo=1&v0=9989">Prairie Home Companion 25th Anniversary Collection, Vol. 5</a></B><br>
						<a href="http://itunes.apple.com/artist/garrison-keillor/id1003510?uo=1&v0=9989">Garrison Keillor</a><br><br>
						<font size="3" FACE="Helvetica,Arial,Geneva,Swiss,SunSans-Regular"><B>Release Date:</B>
						December 31, 2005<br>
						</font><font size="3" FACE="Helvetica,Arial,Geneva,Swiss,SunSans-Regular"><B>Total Songs:</B>
						25</font><br>
						<font size="3" FACE="Helvetica,Arial,Geneva,Swiss,SunSans-Regular"><B>Genre:</B>
						<a href="http://itunes.apple.com/genre/music-comedy/id3?uo=1&v0=9989">Comedy</a></font><br>
						<font size="3" FACE="Helvetica,Arial,Geneva,Swiss,SunSans-Regular"><B>Price:</B>
						$9.99</font><br>
						<font size="3" FACE="Helvetica,Arial,Geneva,Swiss,SunSans-Regular"><B>Copyright</B>
						2010 HighBridge Company</font></td>
				</tr>
			</table></TD></TR>
			</TABLE>
]]></content:encoded>
    <category domain="http://itunes.apple.com/genre/music-comedy/id3?uo=1&amp;v0=9989">Comedy</category>
    <itms:artist>Garrison Keillor</itms:artist>
    <itms:artistLink>http://itunes.apple.com/artist/garrison-keillor/id1003510?uo=1&amp;v0=9989</itms:artistLink>
    <itms:album>Prairie Home Companion 25th Anniversary Collection, Vol. 5</itms:album>
    <itms:albumLink>http://itunes.apple.com/album/prairie-home-companion-25th/id401220544?uo=1&amp;v0=9989</itms:albumLink>
    <itms:albumPrice>$9.99</itms:albumPrice>
                
                <itms:coverArt height="53" width="53">http://a1.phobos.apple.com/us/r30/Music/82/fe/d8/mzi.vluqptpp.53x53-50.jpg</itms:coverArt>
    <itms:coverArt height="60" width="60">http://a1.phobos.apple.com/us/r30/Music/82/fe/d8/mzi.vluqptpp.60x60-50.jpg</itms:coverArt>
    <itms:coverArt height="100" width="100">http://a1.phobos.apple.com/us/r30/Music/82/fe/d8/mzi.vluqptpp.100x100-75.jpg</itms:coverArt>
    
    
    <itms:rights>2010 HighBridge Company</itms:rights>
    
        <itms:releasedate>December 31, 2005</itms:releasedate>
    

</item>
<item>
    <title>Definitely Above Average: Stories &amp; Comedy for You &amp; Your Poor Old Parents, Vol. 2 - Garrison Keillor</title>
    <link>http://itunes.apple.com/album/definitely-above-average-stories/id401199406?uo=1&amp;v0=9989</link>
    <description>Definitely Above Average: Stories &amp; Comedy for You &amp; Your Poor Old Parents, Vol. 2 by Garrison Keillor</description>
    <pubDate>Sun, 07 Nov 2010 12:03:05 -0700</pubDate>
    <content:encoded><![CDATA[<TABLE BORDER=0 WIDTH="100%"><TR><TD><table border="0" width="100%" cellspacing="0" cellpadding="0">
				<tr valign="top" align="left">
					<td ALIGN=CENTER WIDTH=166 VALIGN=TOP><a href="http://itunes.apple.com/album/definitely-above-average-stories/id401199406?uo=1&v0=9989"><img border="0" src="http://a1.phobos.apple.com/us/r30/Music/31/73/22/mzi.qnqffiym.100x100-75.jpg"></a></td>
					<td width="10"><img alt="" width="10" height="1" src="http://ax.phobos.apple.com.edgesuite.net/images/spacer.gif"></td>
					<td width="95%"><B><a href="http://itunes.apple.com/album/definitely-above-average-stories/id401199406?uo=1&v0=9989">Definitely Above Average: Stories &amp; Comedy for You &amp; Your Poor Old Parents, Vol. 2</a></B><br>
						<a href="http://itunes.apple.com/artist/garrison-keillor/id1003510?uo=1&v0=9989">Garrison Keillor</a><br><br>
						<font size="3" FACE="Helvetica,Arial,Geneva,Swiss,SunSans-Regular"><B>Release Date:</B>
						September 02, 2010<br>
						</font><font size="3" FACE="Helvetica,Arial,Geneva,Swiss,SunSans-Regular"><B>Total Songs:</B>
						7</font><br>
						<font size="3" FACE="Helvetica,Arial,Geneva,Swiss,SunSans-Regular"><B>Genre:</B>
						<a href="http://itunes.apple.com/genre/music-comedy/id3?uo=1&v0=9989">Comedy</a></font><br>
						<font size="3" FACE="Helvetica,Arial,Geneva,Swiss,SunSans-Regular"><B>Price:</B>
						$9.99</font><br>
						<font size="3" FACE="Helvetica,Arial,Geneva,Swiss,SunSans-Regular"><B>Copyright</B>
						2010 HighBridge Company</font></td>
				</tr>
			</table></TD></TR>
			</TABLE>
]]></content:encoded>
    <category domain="http://itunes.apple.com/genre/music-comedy/id3?uo=1&amp;v0=9989">Comedy</category>
    <itms:artist>Garrison Keillor</itms:artist>
    <itms:artistLink>http://itunes.apple.com/artist/garrison-keillor/id1003510?uo=1&amp;v0=9989</itms:artistLink>
    <itms:album>Definitely Above Average: Stories &amp; Comedy for You &amp; Your Poor Old Parents, Vol. 2</itms:album>
    <itms:albumLink>http://itunes.apple.com/album/definitely-above-average-stories/id401199406?uo=1&amp;v0=9989</itms:albumLink>
    <itms:albumPrice>$9.99</itms:albumPrice>
                
                <itms:coverArt height="53" width="53">http://a1.phobos.apple.com/us/r30/Music/31/73/22/mzi.qnqffiym.53x53-50.jpg</itms:coverArt>
    <itms:coverArt height="60" width="60">http://a1.phobos.apple.com/us/r30/Music/31/73/22/mzi.qnqffiym.60x60-50.jpg</itms:coverArt>
    <itms:coverArt height="100" width="100">http://a1.phobos.apple.com/us/r30/Music/31/73/22/mzi.qnqffiym.100x100-75.jpg</itms:coverArt>
    
    
    <itms:rights>2010 HighBridge Company</itms:rights>
    
        <itms:releasedate>September 02, 2010</itms:releasedate>
    

</item>

	</channel>
</rss>