<?xml version="1.0" encoding="UTF-8"?>
<!-- Benjamin Swartz
CIS 114 OL
usblues.xml
Assignment 6
4-19-2013 -->
<rss version="2.0"
	xmlns:dc="http://purl.org/dc/elements/1.1/"
	xmlns:sy="http://purl.org/rss/1.0/modules/syndication/"
	xmlns:content="http://purl.org/rss/1.0/modules/content/"
  xmlns:atom="http://www.w3.org/2005/Atom"
	xmlns:itms="http://phobos.apple.com/rss/1.0/modules/itms/">

	<channel>
		<title>iTunes 10 New Releases</title>
		<link>http://itunes.apple.com/WebObjects/MZStore.woa/wa/viewNewReleases?pageType=newReleases&amp;id=2</link>
    <atom:link href="https://s.mzstatic.com/WebObjects/MZStore.woa/wpa/MRSS/newreleases/sf=143441/limit=10/genre=2/rss.xml" rel="self" type="application/rss+xml" />
		<description>iTunes Store: Today's 10 Newest Releases in Blues</description>
		<language>en</language>
		<copyright>Copyright 2008 Apple Inc.

		</copyright>
		<lastBuildDate>Fri, 19 Apr 2013 02:51:37 -0700</lastBuildDate>
		<generator>iTunes Music Store RSS v1.0.0</generator>
		<webMaster>musicstore@apple.com (iTunes Music Store)</webMaster>
		<ttl>240</ttl>

		<dc:creator>iTunes Music Store</dc:creator>
		<dc:date>2013-04-19T02:51:37-07:00</dc:date>

		<sy:updatePeriod>hourly</sy:updatePeriod>
		<sy:updateFrequency>1</sy:updateFrequency>
		<sy:updateBase>2003-09-01T12:00+00:00</sy:updateBase>
		<image>
			<url>https://s.mzstatic.com/images/rss/badge.gif</url>
			<link>http://www.apple.com/itunes/</link>
			<title>iTunes Music Store</title>
			<height>31</height>
			<width>88</width>
		</image>
		<item>
    <title>The Abduction of Big Papa Mojo - Michael Mojo Nilsson</title>
    <link>https://itunes.apple.com/album/the-abduction-of-big-papa-mojo/id609525588?uo=1&amp;v0=9988</link>
    <description>The Abduction of Big Papa Mojo by Michael Mojo Nilsson</description>
    <pubDate>Fri, 19 Apr 2013 02:51:37 -0700</pubDate>
    <content:encoded><![CDATA[<TABLE BORDER=0 WIDTH="100%"><TR><TD><table border="0" width="100%" cellspacing="0" cellpadding="0">
				<tr valign="top" align="left">
					<td ALIGN=CENTER WIDTH=166 VALIGN=TOP><a href="https://itunes.apple.com/album/the-abduction-of-big-papa-mojo/id609525588?uo=1&v0=9988"><img border="0" src="http://a258.phobos.apple.com/us/r30/Music2/v4/8a/74/46/8a74466e-8d8f-5ec6-2b1d-6badfc367e9b/7320470172995.100x100-75.jpg" /></a></td>
					<td width="10"><img alt="" width="10" height="1" src="https://s.mzstatic.com/images/spacer.gif" /></td>
					<td width="95%"><B><a href="https://itunes.apple.com/album/the-abduction-of-big-papa-mojo/id609525588?uo=1&v0=9988">The Abduction of Big Papa Mojo</a></B><br>
						<a href="https://itunes.apple.com/artist/michael-mojo-nilsson/id596445868?uo=1&v0=9988">Michael Mojo Nilsson</a><br><br>
						<font size="3" FACE="Helvetica,Arial,Geneva,Swiss,SunSans-Regular"><B>Release Date:</B>
						April 2, 2013<br>
						</font><font size="3" FACE="Helvetica,Arial,Geneva,Swiss,SunSans-Regular"><B>Total Songs:</B>
						11</font><br>
						<font size="3" FACE="Helvetica,Arial,Geneva,Swiss,SunSans-Regular"><B>Genre:</B>
						<a href="https://itunes.apple.com/genre/music-blues/id2?uo=1&v0=9988">Blues</a></font><br>
						<font size="3" FACE="Helvetica,Arial,Geneva,Swiss,SunSans-Regular"><B>Price:</B>
						$9.99</font><br>
						<font size="3" FACE="Helvetica,Arial,Geneva,Swiss,SunSans-Regular"><B>Copyright</B>
						℗ 2013 NowaMind AB</font></td>
				</tr>
			</table></TD></TR>
			</TABLE>
]]></content:encoded>
    <category domain="https://itunes.apple.com/genre/music-blues/id2?uo=1&amp;v0=9988">Blues</category>
    <itms:artist>Michael Mojo Nilsson</itms:artist>
    <itms:artistLink>https://itunes.apple.com/artist/michael-mojo-nilsson/id596445868?uo=1&amp;v0=9988</itms:artistLink>
    <itms:album>The Abduction of Big Papa Mojo</itms:album>
    <itms:albumLink>https://itunes.apple.com/album/the-abduction-of-big-papa-mojo/id609525588?uo=1&amp;v0=9988</itms:albumLink>
    <itms:albumPrice>$9.99</itms:albumPrice>
                
                <itms:coverArt height="53" width="53">http://a1681.phobos.apple.com/us/r30/Music2/v4/8a/74/46/8a74466e-8d8f-5ec6-2b1d-6badfc367e9b/7320470172995.53x53-50.jpg</itms:coverArt>
    <itms:coverArt height="60" width="60">http://a657.phobos.apple.com/us/r30/Music2/v4/8a/74/46/8a74466e-8d8f-5ec6-2b1d-6badfc367e9b/7320470172995.60x60-50.jpg</itms:coverArt>
    <itms:coverArt height="100" width="100">http://a258.phobos.apple.com/us/r30/Music2/v4/8a/74/46/8a74466e-8d8f-5ec6-2b1d-6badfc367e9b/7320470172995.100x100-75.jpg</itms:coverArt>
    
    
    <itms:rights>&#8471; 2013 NowaMind AB</itms:rights>
    
        <itms:releasedate>April 2, 2013</itms:releasedate>
    

</item>
<item>
    <title>Drink Up! - Eric Hughes Band</title>
    <link>https://itunes.apple.com/album/drink-up!/id628515949?uo=1&amp;v0=9988</link>
    <description>Drink Up! by Eric Hughes Band</description>
    <pubDate>Fri, 19 Apr 2013 02:51:37 -0700</pubDate>
    <content:encoded><![CDATA[<TABLE BORDER=0 WIDTH="100%"><TR><TD><table border="0" width="100%" cellspacing="0" cellpadding="0">
				<tr valign="top" align="left">
					<td ALIGN=CENTER WIDTH=166 VALIGN=TOP><a href="https://itunes.apple.com/album/drink-up!/id628515949?uo=1&v0=9988"><img border="0" src="http://a1056.phobos.apple.com/us/r30/Music2/v4/61/20/0b/61200b55-7da3-bad2-39da-088bf2764a67/DrinkUpCover-600px.100x100-75.jpg" /></a></td>
					<td width="10"><img alt="" width="10" height="1" src="https://s.mzstatic.com/images/spacer.gif" /></td>
					<td width="95%"><B><a href="https://itunes.apple.com/album/drink-up!/id628515949?uo=1&v0=9988">Drink Up!</a></B><br>
						<a href="https://itunes.apple.com/artist/eric-hughes-band/id250509926?uo=1&v0=9988">Eric Hughes Band</a><br><br>
						<font size="3" FACE="Helvetica,Arial,Geneva,Swiss,SunSans-Regular"><B>Release Date:</B>
						April 2, 2013<br>
						</font><font size="3" FACE="Helvetica,Arial,Geneva,Swiss,SunSans-Regular"><B>Total Songs:</B>
						11</font><br>
						<font size="3" FACE="Helvetica,Arial,Geneva,Swiss,SunSans-Regular"><B>Genre:</B>
						<a href="https://itunes.apple.com/genre/music-blues/id2?uo=1&v0=9988">Blues</a></font><br>
						<font size="3" FACE="Helvetica,Arial,Geneva,Swiss,SunSans-Regular"><B>Price:</B>
						$10.99</font><br>
						<font size="3" FACE="Helvetica,Arial,Geneva,Swiss,SunSans-Regular"><B>Copyright</B>
						℗ 2013 I-55 Productions, LLC.</font></td>
				</tr>
			</table></TD></TR>
			</TABLE>
]]></content:encoded>
    <category domain="https://itunes.apple.com/genre/music-blues/id2?uo=1&amp;v0=9988">Blues</category>
    <itms:artist>Eric Hughes Band</itms:artist>
    <itms:artistLink>https://itunes.apple.com/artist/eric-hughes-band/id250509926?uo=1&amp;v0=9988</itms:artistLink>
    <itms:album>Drink Up!</itms:album>
    <itms:albumLink>https://itunes.apple.com/album/drink-up!/id628515949?uo=1&amp;v0=9988</itms:albumLink>
    <itms:albumPrice>$10.99</itms:albumPrice>
                
                <itms:coverArt height="53" width="53">http://a799.phobos.apple.com/us/r30/Music2/v4/61/20/0b/61200b55-7da3-bad2-39da-088bf2764a67/DrinkUpCover-600px.53x53-50.jpg</itms:coverArt>
    <itms:coverArt height="60" width="60">http://a127.phobos.apple.com/us/r30/Music2/v4/61/20/0b/61200b55-7da3-bad2-39da-088bf2764a67/DrinkUpCover-600px.60x60-50.jpg</itms:coverArt>
    <itms:coverArt height="100" width="100">http://a1056.phobos.apple.com/us/r30/Music2/v4/61/20/0b/61200b55-7da3-bad2-39da-088bf2764a67/DrinkUpCover-600px.100x100-75.jpg</itms:coverArt>
    
    
    <itms:rights>&#8471; 2013 I-55 Productions, LLC.</itms:rights>
    
        <itms:releasedate>April 2, 2013</itms:releasedate>
    

</item>
<item>
    <title>Relax With the Blues - Various Artists</title>
    <link>https://itunes.apple.com/album/relax-with-the-blues/id612908069?uo=1&amp;v0=9988</link>
    <description>Relax With the Blues by Various Artists</description>
    <pubDate>Fri, 19 Apr 2013 02:51:37 -0700</pubDate>
    <content:encoded><![CDATA[<TABLE BORDER=0 WIDTH="100%"><TR><TD><table border="0" width="100%" cellspacing="0" cellpadding="0">
				<tr valign="top" align="left">
					<td ALIGN=CENTER WIDTH=166 VALIGN=TOP><a href="https://itunes.apple.com/album/relax-with-the-blues/id612908069?uo=1&v0=9988"><img border="0" src="http://a1127.phobos.apple.com/us/r30/Music2/v4/cc/8e/51/cc8e5160-d7e2-e5d7-29eb-df6e8769ca56/cover.100x100-75.jpg" /></a></td>
					<td width="10"><img alt="" width="10" height="1" src="https://s.mzstatic.com/images/spacer.gif" /></td>
					<td width="95%"><B><a href="https://itunes.apple.com/album/relax-with-the-blues/id612908069?uo=1&v0=9988">Relax With the Blues</a></B><br>
						<br>
						<font size="3" FACE="Helvetica,Arial,Geneva,Swiss,SunSans-Regular"><B>Release Date:</B>
						April 2, 2013<br>
						</font><font size="3" FACE="Helvetica,Arial,Geneva,Swiss,SunSans-Regular"><B>Total Songs:</B>
						14</font><br>
						<font size="3" FACE="Helvetica,Arial,Geneva,Swiss,SunSans-Regular"><B>Genre:</B>
						<a href="https://itunes.apple.com/genre/music-blues/id2?uo=1&v0=9988">Blues</a></font><br>
						<font size="3" FACE="Helvetica,Arial,Geneva,Swiss,SunSans-Regular"><B>Price:</B>
						$5.99</font><br>
						<font size="3" FACE="Helvetica,Arial,Geneva,Swiss,SunSans-Regular"><B>Copyright</B>
						℗ 2013 X5 Music Group</font></td>
				</tr>
			</table></TD></TR>
			</TABLE>
]]></content:encoded>
    <category domain="https://itunes.apple.com/genre/music-blues/id2?uo=1&amp;v0=9988">Blues</category>
    <itms:artist>Various Artists</itms:artist>
    <itms:artistLink></itms:artistLink>
    <itms:album>Relax With the Blues</itms:album>
    <itms:albumLink>https://itunes.apple.com/album/relax-with-the-blues/id612908069?uo=1&amp;v0=9988</itms:albumLink>
    <itms:albumPrice>$5.99</itms:albumPrice>
                
                <itms:coverArt height="53" width="53">http://a1638.phobos.apple.com/us/r30/Music2/v4/cc/8e/51/cc8e5160-d7e2-e5d7-29eb-df6e8769ca56/cover.53x53-50.jpg</itms:coverArt>
    <itms:coverArt height="60" width="60">http://a614.phobos.apple.com/us/r30/Music2/v4/cc/8e/51/cc8e5160-d7e2-e5d7-29eb-df6e8769ca56/cover.60x60-50.jpg</itms:coverArt>
    <itms:coverArt height="100" width="100">http://a1127.phobos.apple.com/us/r30/Music2/v4/cc/8e/51/cc8e5160-d7e2-e5d7-29eb-df6e8769ca56/cover.100x100-75.jpg</itms:coverArt>
    
    
    <itms:rights>&#8471; 2013 X5 Music Group</itms:rights>
    
        <itms:releasedate>April 2, 2013</itms:releasedate>
    

</item>
<item>
    <title>Bang Bang Boom Boom - Beth Hart</title>
    <link>https://itunes.apple.com/album/bang-bang-boom-boom/id608642338?uo=1&amp;v0=9988</link>
    <description>Bang Bang Boom Boom by Beth Hart</description>
    <pubDate>Fri, 19 Apr 2013 02:51:37 -0700</pubDate>
    <content:encoded><![CDATA[<TABLE BORDER=0 WIDTH="100%"><TR><TD><table border="0" width="100%" cellspacing="0" cellpadding="0">
				<tr valign="top" align="left">
					<td ALIGN=CENTER WIDTH=166 VALIGN=TOP><a href="https://itunes.apple.com/album/bang-bang-boom-boom/id608642338?uo=1&v0=9988"><img border="0" src="http://a497.phobos.apple.com/us/r30/Music/v4/5c/99/30/5c99300d-b2ab-b365-5ec5-7dddbbb136ab/Cover.100x100-75.jpg" /></a></td>
					<td width="10"><img alt="" width="10" height="1" src="https://s.mzstatic.com/images/spacer.gif" /></td>
					<td width="95%"><B><a href="https://itunes.apple.com/album/bang-bang-boom-boom/id608642338?uo=1&v0=9988">Bang Bang Boom Boom</a></B><br>
						<a href="https://itunes.apple.com/artist/beth-hart/id155294?uo=1&v0=9988">Beth Hart</a><br><br>
						<font size="3" FACE="Helvetica,Arial,Geneva,Swiss,SunSans-Regular"><B>Release Date:</B>
						April 2, 2013<br>
						</font><font size="3" FACE="Helvetica,Arial,Geneva,Swiss,SunSans-Regular"><B>Total Songs:</B>
						12</font><br>
						<font size="3" FACE="Helvetica,Arial,Geneva,Swiss,SunSans-Regular"><B>Genre:</B>
						<a href="https://itunes.apple.com/genre/music-blues/id2?uo=1&v0=9988">Blues</a></font><br>
						<font size="3" FACE="Helvetica,Arial,Geneva,Swiss,SunSans-Regular"><B>Price:</B>
						$9.99</font><br>
						<font size="3" FACE="Helvetica,Arial,Geneva,Swiss,SunSans-Regular"><B>Copyright</B>
						℗ 2013 Mascot Records</font></td>
				</tr>
			</table></TD></TR>
			</TABLE>
]]></content:encoded>
    <category domain="https://itunes.apple.com/genre/music-blues/id2?uo=1&amp;v0=9988">Blues</category>
    <itms:artist>Beth Hart</itms:artist>
    <itms:artistLink>https://itunes.apple.com/artist/beth-hart/id155294?uo=1&amp;v0=9988</itms:artistLink>
    <itms:album>Bang Bang Boom Boom</itms:album>
    <itms:albumLink>https://itunes.apple.com/album/bang-bang-boom-boom/id608642338?uo=1&amp;v0=9988</itms:albumLink>
    <itms:albumPrice>$9.99</itms:albumPrice>
                
                <itms:coverArt height="53" width="53">http://a1504.phobos.apple.com/us/r30/Music/v4/5c/99/30/5c99300d-b2ab-b365-5ec5-7dddbbb136ab/Cover.53x53-50.jpg</itms:coverArt>
    <itms:coverArt height="60" width="60">http://a480.phobos.apple.com/us/r30/Music/v4/5c/99/30/5c99300d-b2ab-b365-5ec5-7dddbbb136ab/Cover.60x60-50.jpg</itms:coverArt>
    <itms:coverArt height="100" width="100">http://a497.phobos.apple.com/us/r30/Music/v4/5c/99/30/5c99300d-b2ab-b365-5ec5-7dddbbb136ab/Cover.100x100-75.jpg</itms:coverArt>
    
    
    <itms:rights>&#8471; 2013 Mascot Records</itms:rights>
    
        <itms:releasedate>April 2, 2013</itms:releasedate>
    

</item>
<item>
    <title>Blues Instrumentals - Various Artists</title>
    <link>https://itunes.apple.com/album/blues-instrumentals/id612908165?uo=1&amp;v0=9988</link>
    <description>Blues Instrumentals by Various Artists</description>
    <pubDate>Fri, 19 Apr 2013 02:51:37 -0700</pubDate>
    <content:encoded><![CDATA[<TABLE BORDER=0 WIDTH="100%"><TR><TD><table border="0" width="100%" cellspacing="0" cellpadding="0">
				<tr valign="top" align="left">
					<td ALIGN=CENTER WIDTH=166 VALIGN=TOP><a href="https://itunes.apple.com/album/blues-instrumentals/id612908165?uo=1&v0=9988"><img border="0" src="http://a931.phobos.apple.com/us/r30/Music2/v4/95/60/ab/9560abac-967c-40fa-0e1a-9b81c06ac7ea/cover.100x100-75.jpg" /></a></td>
					<td width="10"><img alt="" width="10" height="1" src="https://s.mzstatic.com/images/spacer.gif" /></td>
					<td width="95%"><B><a href="https://itunes.apple.com/album/blues-instrumentals/id612908165?uo=1&v0=9988">Blues Instrumentals</a></B><br>
						<br>
						<font size="3" FACE="Helvetica,Arial,Geneva,Swiss,SunSans-Regular"><B>Release Date:</B>
						April 2, 2013<br>
						</font><font size="3" FACE="Helvetica,Arial,Geneva,Swiss,SunSans-Regular"><B>Total Songs:</B>
						15</font><br>
						<font size="3" FACE="Helvetica,Arial,Geneva,Swiss,SunSans-Regular"><B>Genre:</B>
						<a href="https://itunes.apple.com/genre/music-blues/id2?uo=1&v0=9988">Blues</a></font><br>
						<font size="3" FACE="Helvetica,Arial,Geneva,Swiss,SunSans-Regular"><B>Price:</B>
						$5.99</font><br>
						<font size="3" FACE="Helvetica,Arial,Geneva,Swiss,SunSans-Regular"><B>Copyright</B>
						℗ 2013 X5 Music Group</font></td>
				</tr>
			</table></TD></TR>
			</TABLE>
]]></content:encoded>
    <category domain="https://itunes.apple.com/genre/music-blues/id2?uo=1&amp;v0=9988">Blues</category>
    <itms:artist>Various Artists</itms:artist>
    <itms:artistLink></itms:artistLink>
    <itms:album>Blues Instrumentals</itms:album>
    <itms:albumLink>https://itunes.apple.com/album/blues-instrumentals/id612908165?uo=1&amp;v0=9988</itms:albumLink>
    <itms:albumPrice>$5.99</itms:albumPrice>
                
                <itms:coverArt height="53" width="53">http://a850.phobos.apple.com/us/r30/Music2/v4/95/60/ab/9560abac-967c-40fa-0e1a-9b81c06ac7ea/cover.53x53-50.jpg</itms:coverArt>
    <itms:coverArt height="60" width="60">http://a1826.phobos.apple.com/us/r30/Music2/v4/95/60/ab/9560abac-967c-40fa-0e1a-9b81c06ac7ea/cover.60x60-50.jpg</itms:coverArt>
    <itms:coverArt height="100" width="100">http://a931.phobos.apple.com/us/r30/Music2/v4/95/60/ab/9560abac-967c-40fa-0e1a-9b81c06ac7ea/cover.100x100-75.jpg</itms:coverArt>
    
    
    <itms:rights>&#8471; 2013 X5 Music Group</itms:rights>
    
        <itms:releasedate>April 2, 2013</itms:releasedate>
    

</item>
<item>
    <title>And Very Special Friends - EP - J.J. Jackson</title>
    <link>https://itunes.apple.com/album/and-very-special-friends-ep/id631700466?uo=1&amp;v0=9988</link>
    <description>And Very Special Friends - EP by J.J. Jackson</description>
    <pubDate>Fri, 19 Apr 2013 02:51:37 -0700</pubDate>
    <content:encoded><![CDATA[<TABLE BORDER=0 WIDTH="100%"><TR><TD><table border="0" width="100%" cellspacing="0" cellpadding="0">
				<tr valign="top" align="left">
					<td ALIGN=CENTER WIDTH=166 VALIGN=TOP><a href="https://itunes.apple.com/album/and-very-special-friends-ep/id631700466?uo=1&v0=9988"><img border="0" src="http://a866.phobos.apple.com/us/r30/Music2/v4/db/2f/22/db2f2205-90d8-bbb9-66a0-d94a51145eb8/0.100x100-75.jpg" /></a></td>
					<td width="10"><img alt="" width="10" height="1" src="https://s.mzstatic.com/images/spacer.gif" /></td>
					<td width="95%"><B><a href="https://itunes.apple.com/album/and-very-special-friends-ep/id631700466?uo=1&v0=9988">And Very Special Friends - EP</a></B><br>
						<a href="https://itunes.apple.com/artist/j.j.-jackson/id642699?uo=1&v0=9988">J.J. Jackson</a><br><br>
						<font size="3" FACE="Helvetica,Arial,Geneva,Swiss,SunSans-Regular"><B>Release Date:</B>
						April 2, 2013<br>
						</font><font size="3" FACE="Helvetica,Arial,Geneva,Swiss,SunSans-Regular"><B>Total Songs:</B>
						5</font><br>
						<font size="3" FACE="Helvetica,Arial,Geneva,Swiss,SunSans-Regular"><B>Genre:</B>
						<a href="https://itunes.apple.com/genre/music-blues/id2?uo=1&v0=9988">Blues</a></font><br>
						<font size="3" FACE="Helvetica,Arial,Geneva,Swiss,SunSans-Regular"><B>Price:</B>
						$4.95</font><br>
						<font size="3" FACE="Helvetica,Arial,Geneva,Swiss,SunSans-Regular"><B>Copyright</B>
						℗ 2013 Berger Mobile</font></td>
				</tr>
			</table></TD></TR>
			</TABLE>
]]></content:encoded>
    <category domain="https://itunes.apple.com/genre/music-blues/id2?uo=1&amp;v0=9988">Blues</category>
    <itms:artist>J.J. Jackson</itms:artist>
    <itms:artistLink>https://itunes.apple.com/artist/j.j.-jackson/id642699?uo=1&amp;v0=9988</itms:artistLink>
    <itms:album>And Very Special Friends - EP</itms:album>
    <itms:albumLink>https://itunes.apple.com/album/and-very-special-friends-ep/id631700466?uo=1&amp;v0=9988</itms:albumLink>
    <itms:albumPrice>$4.95</itms:albumPrice>
                
                <itms:coverArt height="53" width="53">http://a785.phobos.apple.com/us/r30/Music2/v4/db/2f/22/db2f2205-90d8-bbb9-66a0-d94a51145eb8/0.53x53-50.jpg</itms:coverArt>
    <itms:coverArt height="60" width="60">http://a1761.phobos.apple.com/us/r30/Music2/v4/db/2f/22/db2f2205-90d8-bbb9-66a0-d94a51145eb8/0.60x60-50.jpg</itms:coverArt>
    <itms:coverArt height="100" width="100">http://a866.phobos.apple.com/us/r30/Music2/v4/db/2f/22/db2f2205-90d8-bbb9-66a0-d94a51145eb8/0.100x100-75.jpg</itms:coverArt>
    
    
    <itms:rights>&#8471; 2013 Berger Mobile</itms:rights>
    
        <itms:releasedate>April 2, 2013</itms:releasedate>
    

</item>
<item>
    <title>Medicine Man - Single - Pop Club</title>
    <link>https://itunes.apple.com/album/medicine-man-single/id624082406?uo=1&amp;v0=9988</link>
    <description>Medicine Man - Single by Pop Club</description>
    <pubDate>Fri, 19 Apr 2013 02:51:37 -0700</pubDate>
    <content:encoded><![CDATA[<TABLE BORDER=0 WIDTH="100%"><TR><TD><table border="0" width="100%" cellspacing="0" cellpadding="0">
				<tr valign="top" align="left">
					<td ALIGN=CENTER WIDTH=166 VALIGN=TOP><a href="https://itunes.apple.com/album/medicine-man-single/id624082406?uo=1&v0=9988"><img border="0" src="http://a1352.phobos.apple.com/us/r30/Music2/v4/a2/14/51/a2145194-2dc2-e8a0-cec6-f139637412e9/33295.100x100-75.jpg" /></a></td>
					<td width="10"><img alt="" width="10" height="1" src="https://s.mzstatic.com/images/spacer.gif" /></td>
					<td width="95%"><B><a href="https://itunes.apple.com/album/medicine-man-single/id624082406?uo=1&v0=9988">Medicine Man - Single</a></B><br>
						<a href="https://itunes.apple.com/artist/pop-club/id182275378?uo=1&v0=9988">Pop Club</a><br><br>
						<font size="3" FACE="Helvetica,Arial,Geneva,Swiss,SunSans-Regular"><B>Release Date:</B>
						April 2, 2013<br>
						</font><font size="3" FACE="Helvetica,Arial,Geneva,Swiss,SunSans-Regular"><B>Total Songs:</B>
						1</font><br>
						<font size="3" FACE="Helvetica,Arial,Geneva,Swiss,SunSans-Regular"><B>Genre:</B>
						<a href="https://itunes.apple.com/genre/music-blues/id2?uo=1&v0=9988">Blues</a></font><br>
						<font size="3" FACE="Helvetica,Arial,Geneva,Swiss,SunSans-Regular"><B>Price:</B>
						$0.99</font><br>
						<font size="3" FACE="Helvetica,Arial,Geneva,Swiss,SunSans-Regular"><B>Copyright</B>
						℗ 2013 Pop club</font></td>
				</tr>
			</table></TD></TR>
			</TABLE>
]]></content:encoded>
    <category domain="https://itunes.apple.com/genre/music-blues/id2?uo=1&amp;v0=9988">Blues</category>
    <itms:artist>Pop Club</itms:artist>
    <itms:artistLink>https://itunes.apple.com/artist/pop-club/id182275378?uo=1&amp;v0=9988</itms:artistLink>
    <itms:album>Medicine Man - Single</itms:album>
    <itms:albumLink>https://itunes.apple.com/album/medicine-man-single/id624082406?uo=1&amp;v0=9988</itms:albumLink>
    <itms:albumPrice>$0.99</itms:albumPrice>
                
                <itms:coverArt height="53" width="53">http://a503.phobos.apple.com/us/r30/Music2/v4/a2/14/51/a2145194-2dc2-e8a0-cec6-f139637412e9/33295.53x53-50.jpg</itms:coverArt>
    <itms:coverArt height="60" width="60">http://a1479.phobos.apple.com/us/r30/Music2/v4/a2/14/51/a2145194-2dc2-e8a0-cec6-f139637412e9/33295.60x60-50.jpg</itms:coverArt>
    <itms:coverArt height="100" width="100">http://a1352.phobos.apple.com/us/r30/Music2/v4/a2/14/51/a2145194-2dc2-e8a0-cec6-f139637412e9/33295.100x100-75.jpg</itms:coverArt>
    
    
    <itms:rights>&#8471; 2013 Pop club</itms:rights>
    
        <itms:releasedate>April 2, 2013</itms:releasedate>
    

</item>
<item>
    <title>Sirens and the Mariners - EP - Sirens and the Mariners</title>
    <link>https://itunes.apple.com/album/sirens-and-the-mariners-ep/id631396605?uo=1&amp;v0=9988</link>
    <description>Sirens and the Mariners - EP by Sirens and the Mariners</description>
    <pubDate>Fri, 19 Apr 2013 02:51:37 -0700</pubDate>
    <content:encoded><![CDATA[<TABLE BORDER=0 WIDTH="100%"><TR><TD><table border="0" width="100%" cellspacing="0" cellpadding="0">
				<tr valign="top" align="left">
					<td ALIGN=CENTER WIDTH=166 VALIGN=TOP><a href="https://itunes.apple.com/album/sirens-and-the-mariners-ep/id631396605?uo=1&v0=9988"><img border="0" src="http://a372.phobos.apple.com/us/r30/Music/v4/7f/48/66/7f48662e-7140-00ac-be0b-46e4cb37d6fa/859709870045_cover.100x100-75.jpg" /></a></td>
					<td width="10"><img alt="" width="10" height="1" src="https://s.mzstatic.com/images/spacer.gif" /></td>
					<td width="95%"><B><a href="https://itunes.apple.com/album/sirens-and-the-mariners-ep/id631396605?uo=1&v0=9988">Sirens and the Mariners - EP</a></B><br>
						<a href="https://itunes.apple.com/artist/sirens-and-the-mariners/id631397598?uo=1&v0=9988">Sirens and the Mariners</a><br><br>
						<font size="3" FACE="Helvetica,Arial,Geneva,Swiss,SunSans-Regular"><B>Release Date:</B>
						April 2, 2013<br>
						</font><font size="3" FACE="Helvetica,Arial,Geneva,Swiss,SunSans-Regular"><B>Total Songs:</B>
						4</font><br>
						<font size="3" FACE="Helvetica,Arial,Geneva,Swiss,SunSans-Regular"><B>Genre:</B>
						<a href="https://itunes.apple.com/genre/music-blues/id2?uo=1&v0=9988">Blues</a></font><br>
						<font size="3" FACE="Helvetica,Arial,Geneva,Swiss,SunSans-Regular"><B>Price:</B>
						$3.96</font><br>
						<font size="3" FACE="Helvetica,Arial,Geneva,Swiss,SunSans-Regular"><B>Copyright</B>
						℗ 2013 Sirens and the Mariners</font></td>
				</tr>
			</table></TD></TR>
			</TABLE>
]]></content:encoded>
    <category domain="https://itunes.apple.com/genre/music-blues/id2?uo=1&amp;v0=9988">Blues</category>
    <itms:artist>Sirens and the Mariners</itms:artist>
    <itms:artistLink>https://itunes.apple.com/artist/sirens-and-the-mariners/id631397598?uo=1&amp;v0=9988</itms:artistLink>
    <itms:album>Sirens and the Mariners - EP</itms:album>
    <itms:albumLink>https://itunes.apple.com/album/sirens-and-the-mariners-ep/id631396605?uo=1&amp;v0=9988</itms:albumLink>
    <itms:albumPrice>$3.96</itms:albumPrice>
                
                <itms:coverArt height="53" width="53">http://a147.phobos.apple.com/us/r30/Music/v4/7f/48/66/7f48662e-7140-00ac-be0b-46e4cb37d6fa/859709870045_cover.53x53-50.jpg</itms:coverArt>
    <itms:coverArt height="60" width="60">http://a1123.phobos.apple.com/us/r30/Music/v4/7f/48/66/7f48662e-7140-00ac-be0b-46e4cb37d6fa/859709870045_cover.60x60-50.jpg</itms:coverArt>
    <itms:coverArt height="100" width="100">http://a372.phobos.apple.com/us/r30/Music/v4/7f/48/66/7f48662e-7140-00ac-be0b-46e4cb37d6fa/859709870045_cover.100x100-75.jpg</itms:coverArt>
    
    
    <itms:rights>&#8471; 2013 Sirens and the Mariners</itms:rights>
    
        <itms:releasedate>April 2, 2013</itms:releasedate>
    

</item>
<item>
    <title>Dranks on Me - Single - Adrian Bagher</title>
    <link>https://itunes.apple.com/album/dranks-on-me-single/id622677167?uo=1&amp;v0=9988</link>
    <description>Dranks on Me - Single by Adrian Bagher</description>
    <pubDate>Fri, 19 Apr 2013 02:51:37 -0700</pubDate>
    <content:encoded><![CDATA[<TABLE BORDER=0 WIDTH="100%"><TR><TD><table border="0" width="100%" cellspacing="0" cellpadding="0">
				<tr valign="top" align="left">
					<td ALIGN=CENTER WIDTH=166 VALIGN=TOP><a href="https://itunes.apple.com/album/dranks-on-me-single/id622677167?uo=1&v0=9988"><img border="0" src="http://a335.phobos.apple.com/us/r30/Music/v4/c9/d5/44/c9d54468-b84d-c3a7-1d4d-fa03aee532c9/859709771083_cover.100x100-75.jpg" /></a></td>
					<td width="10"><img alt="" width="10" height="1" src="https://s.mzstatic.com/images/spacer.gif" /></td>
					<td width="95%"><B><a href="https://itunes.apple.com/album/dranks-on-me-single/id622677167?uo=1&v0=9988">Dranks on Me - Single</a></B><br>
						<a href="https://itunes.apple.com/artist/adrian-bagher/id622677668?uo=1&v0=9988">Adrian Bagher</a><br><br>
						<font size="3" FACE="Helvetica,Arial,Geneva,Swiss,SunSans-Regular"><B>Release Date:</B>
						April 2, 2013<br>
						</font><font size="3" FACE="Helvetica,Arial,Geneva,Swiss,SunSans-Regular"><B>Total Songs:</B>
						1</font><br>
						<font size="3" FACE="Helvetica,Arial,Geneva,Swiss,SunSans-Regular"><B>Genre:</B>
						<a href="https://itunes.apple.com/genre/music-blues/id2?uo=1&v0=9988">Blues</a></font><br>
						<font size="3" FACE="Helvetica,Arial,Geneva,Swiss,SunSans-Regular"><B>Price:</B>
						$0.99</font><br>
						<font size="3" FACE="Helvetica,Arial,Geneva,Swiss,SunSans-Regular"><B>Copyright</B>
						℗ 2013 Camplife Entertainment</font></td>
				</tr>
			</table></TD></TR>
			</TABLE>
]]></content:encoded>
    <category domain="https://itunes.apple.com/genre/music-blues/id2?uo=1&amp;v0=9988">Blues</category>
    <itms:artist>Adrian Bagher</itms:artist>
    <itms:artistLink>https://itunes.apple.com/artist/adrian-bagher/id622677668?uo=1&amp;v0=9988</itms:artistLink>
    <itms:album>Dranks on Me - Single</itms:album>
    <itms:albumLink>https://itunes.apple.com/album/dranks-on-me-single/id622677167?uo=1&amp;v0=9988</itms:albumLink>
    <itms:albumPrice>$0.99</itms:albumPrice>
                
                <itms:coverArt height="53" width="53">http://a1518.phobos.apple.com/us/r30/Music/v4/c9/d5/44/c9d54468-b84d-c3a7-1d4d-fa03aee532c9/859709771083_cover.53x53-50.jpg</itms:coverArt>
    <itms:coverArt height="60" width="60">http://a846.phobos.apple.com/us/r30/Music/v4/c9/d5/44/c9d54468-b84d-c3a7-1d4d-fa03aee532c9/859709771083_cover.60x60-50.jpg</itms:coverArt>
    <itms:coverArt height="100" width="100">http://a335.phobos.apple.com/us/r30/Music/v4/c9/d5/44/c9d54468-b84d-c3a7-1d4d-fa03aee532c9/859709771083_cover.100x100-75.jpg</itms:coverArt>
    
    
    <itms:rights>&#8471; 2013 Camplife Entertainment</itms:rights>
    
        <itms:releasedate>April 2, 2013</itms:releasedate>
    

</item>
<item>
    <title>Slow Gm Blues V2 (Bass) - Single - Major Sinner</title>
    <link>https://itunes.apple.com/album/slow-gm-blues-v2-bass-single/id630863474?uo=1&amp;v0=9988</link>
    <description>Slow Gm Blues V2 (Bass) - Single by Major Sinner</description>
    <pubDate>Fri, 19 Apr 2013 02:51:37 -0700</pubDate>
    <content:encoded><![CDATA[<TABLE BORDER=0 WIDTH="100%"><TR><TD><table border="0" width="100%" cellspacing="0" cellpadding="0">
				<tr valign="top" align="left">
					<td ALIGN=CENTER WIDTH=166 VALIGN=TOP><a href="https://itunes.apple.com/album/slow-gm-blues-v2-bass-single/id630863474?uo=1&v0=9988"><img border="0" src="http://a1947.phobos.apple.com/us/r30/Music/v4/4a/48/c8/4a48c875-2db7-a672-dbad-b1157fca6b00/859709868417_cover.100x100-75.jpg" /></a></td>
					<td width="10"><img alt="" width="10" height="1" src="https://s.mzstatic.com/images/spacer.gif" /></td>
					<td width="95%"><B><a href="https://itunes.apple.com/album/slow-gm-blues-v2-bass-single/id630863474?uo=1&v0=9988">Slow Gm Blues V2 (Bass) - Single</a></B><br>
						<a href="https://itunes.apple.com/artist/major-sinner/id470993578?uo=1&v0=9988">Major Sinner</a><br><br>
						<font size="3" FACE="Helvetica,Arial,Geneva,Swiss,SunSans-Regular"><B>Release Date:</B>
						April 2, 2013<br>
						</font><font size="3" FACE="Helvetica,Arial,Geneva,Swiss,SunSans-Regular"><B>Total Songs:</B>
						1</font><br>
						<font size="3" FACE="Helvetica,Arial,Geneva,Swiss,SunSans-Regular"><B>Genre:</B>
						<a href="https://itunes.apple.com/genre/music-blues/id2?uo=1&v0=9988">Blues</a></font><br>
						<font size="3" FACE="Helvetica,Arial,Geneva,Swiss,SunSans-Regular"><B>Price:</B>
						$0.99</font><br>
						<font size="3" FACE="Helvetica,Arial,Geneva,Swiss,SunSans-Regular"><B>Copyright</B>
						℗ 2013 Major Sinner Records Ltd</font></td>
				</tr>
			</table></TD></TR>
			</TABLE>
]]></content:encoded>
    <category domain="https://itunes.apple.com/genre/music-blues/id2?uo=1&amp;v0=9988">Blues</category>
    <itms:artist>Major Sinner</itms:artist>
    <itms:artistLink>https://itunes.apple.com/artist/major-sinner/id470993578?uo=1&amp;v0=9988</itms:artistLink>
    <itms:album>Slow Gm Blues V2 (Bass) - Single</itms:album>
    <itms:albumLink>https://itunes.apple.com/album/slow-gm-blues-v2-bass-single/id630863474?uo=1&amp;v0=9988</itms:albumLink>
    <itms:albumPrice>$0.99</itms:albumPrice>
                
                <itms:coverArt height="53" width="53">http://a1050.phobos.apple.com/us/r30/Music/v4/4a/48/c8/4a48c875-2db7-a672-dbad-b1157fca6b00/859709868417_cover.53x53-50.jpg</itms:coverArt>
    <itms:coverArt height="60" width="60">http://a26.phobos.apple.com/us/r30/Music/v4/4a/48/c8/4a48c875-2db7-a672-dbad-b1157fca6b00/859709868417_cover.60x60-50.jpg</itms:coverArt>
    <itms:coverArt height="100" width="100">http://a1947.phobos.apple.com/us/r30/Music/v4/4a/48/c8/4a48c875-2db7-a672-dbad-b1157fca6b00/859709868417_cover.100x100-75.jpg</itms:coverArt>
    
    
    <itms:rights>&#8471; 2013 Major Sinner Records Ltd</itms:rights>
    
        <itms:releasedate>April 2, 2013</itms:releasedate>
    

</item>

	</channel>
</rss>