<?xml version="1.0" encoding="UTF-8"?>
<!-- Benjamin Swartz
CIS 114 OL
uschildren.xml
Assignment 6
4-19-2013 -->
<rss version="2.0"
	xmlns:dc="http://purl.org/dc/elements/1.1/"
	xmlns:sy="http://purl.org/rss/1.0/modules/syndication/"
	xmlns:content="http://purl.org/rss/1.0/modules/content/"
  xmlns:atom="http://www.w3.org/2005/Atom"
	xmlns:itms="http://phobos.apple.com/rss/1.0/modules/itms/">

	<channel>
		<title>iTunes 10 New Releases</title>
		<link>http://itunes.apple.com/WebObjects/MZStore.woa/wa/viewNewReleases?pageType=newReleases&amp;id=4</link>
    <atom:link href="https://s.mzstatic.com/WebObjects/MZStore.woa/wpa/MRSS/newreleases/sf=143441/limit=10/genre=4/rss.xml" rel="self" type="application/rss+xml" />
		<description>iTunes Store: Today's 10 Newest Releases in Children's Music</description>
		<language>en</language>
		<copyright>Copyright 2008 Apple Inc.

		</copyright>
		<lastBuildDate>Fri, 19 Apr 2013 02:48:30 -0700</lastBuildDate>
		<generator>iTunes Music Store RSS v1.0.0</generator>
		<webMaster>musicstore@apple.com (iTunes Music Store)</webMaster>
		<ttl>240</ttl>

		<dc:creator>iTunes Music Store</dc:creator>
		<dc:date>2013-04-19T02:48:30-07:00</dc:date>

		<sy:updatePeriod>hourly</sy:updatePeriod>
		<sy:updateFrequency>1</sy:updateFrequency>
		<sy:updateBase>2003-09-01T12:00+00:00</sy:updateBase>
		<image>
			<url>https://s.mzstatic.com/images/rss/badge.gif</url>
			<link>http://www.apple.com/itunes/</link>
			<title>iTunes Music Store</title>
			<height>31</height>
			<width>88</width>
		</image>
		<item>
    <title>Les tables de multiplication en chantant - The Kiboomers</title>
    <link>https://itunes.apple.com/album/les-tables-multiplication/id631879289?uo=1&amp;v0=9988</link>
    <description>Les tables de multiplication en chantant by The Kiboomers</description>
    <pubDate>Fri, 19 Apr 2013 02:48:30 -0700</pubDate>
    <content:encoded><![CDATA[<TABLE BORDER=0 WIDTH="100%"><TR><TD><table border="0" width="100%" cellspacing="0" cellpadding="0">
				<tr valign="top" align="left">
					<td ALIGN=CENTER WIDTH=166 VALIGN=TOP><a href="https://itunes.apple.com/album/les-tables-multiplication/id631879289?uo=1&v0=9988"><img border="0" src="http://a1997.phobos.apple.com/us/r1000/094/Music/v4/c4/a8/6e/c4a86efb-59b2-d8dd-427a-56361414bbb0/888002039712.100x100-75.jpg" /></a></td>
					<td width="10"><img alt="" width="10" height="1" src="https://s.mzstatic.com/images/spacer.gif" /></td>
					<td width="95%"><B><a href="https://itunes.apple.com/album/les-tables-multiplication/id631879289?uo=1&v0=9988">Les tables de multiplication en chantant</a></B><br>
						<a href="https://itunes.apple.com/artist/the-kiboomers/id395585033?uo=1&v0=9988">The Kiboomers</a><br><br>
						<font size="3" FACE="Helvetica,Arial,Geneva,Swiss,SunSans-Regular"><B>Release Date:</B>
						April 4, 2013<br>
						</font><font size="3" FACE="Helvetica,Arial,Geneva,Swiss,SunSans-Regular"><B>Total Songs:</B>
						11</font><br>
						<font size="3" FACE="Helvetica,Arial,Geneva,Swiss,SunSans-Regular"><B>Genre:</B>
						<a href="https://itunes.apple.com/genre/music-childrens-music/id4?uo=1&v0=9988">Children's Music</a></font><br>
						<font size="3" FACE="Helvetica,Arial,Geneva,Swiss,SunSans-Regular"><B>Price:</B>
						$7.99</font><br>
						<font size="3" FACE="Helvetica,Arial,Geneva,Swiss,SunSans-Regular"><B>Copyright</B>
						℗ 2013 Kiboomu</font></td>
				</tr>
			</table></TD></TR>
			</TABLE>
]]></content:encoded>
    <category domain="https://itunes.apple.com/genre/music-childrens-music/id4?uo=1&amp;v0=9988">Children&#39;s Music</category>
    <itms:artist>The Kiboomers</itms:artist>
    <itms:artistLink>https://itunes.apple.com/artist/the-kiboomers/id395585033?uo=1&amp;v0=9988</itms:artistLink>
    <itms:album>Les tables de multiplication en chantant</itms:album>
    <itms:albumLink>https://itunes.apple.com/album/les-tables-multiplication/id631879289?uo=1&amp;v0=9988</itms:albumLink>
    <itms:albumPrice>$7.99</itms:albumPrice>
                
                <itms:coverArt height="53" width="53">http://a92.phobos.apple.com/us/r1000/094/Music/v4/c4/a8/6e/c4a86efb-59b2-d8dd-427a-56361414bbb0/888002039712.53x53-50.jpg</itms:coverArt>
    <itms:coverArt height="60" width="60">http://a1420.phobos.apple.com/us/r1000/094/Music/v4/c4/a8/6e/c4a86efb-59b2-d8dd-427a-56361414bbb0/888002039712.60x60-50.jpg</itms:coverArt>
    <itms:coverArt height="100" width="100">http://a1997.phobos.apple.com/us/r1000/094/Music/v4/c4/a8/6e/c4a86efb-59b2-d8dd-427a-56361414bbb0/888002039712.100x100-75.jpg</itms:coverArt>
    
    
    <itms:rights>&#8471; 2013 Kiboomu</itms:rights>
    
        <itms:releasedate>April 4, 2013</itms:releasedate>
    

</item>
<item>
    <title>Get Down with the Duck (Dance Version) - Single - I.C. Hope</title>
    <link>https://itunes.apple.com/album/get-down-duck-dance-version/id631508794?uo=1&amp;v0=9988</link>
    <description>Get Down with the Duck (Dance Version) - Single by I.C. Hope</description>
    <pubDate>Fri, 19 Apr 2013 02:48:30 -0700</pubDate>
    <content:encoded><![CDATA[<TABLE BORDER=0 WIDTH="100%"><TR><TD><table border="0" width="100%" cellspacing="0" cellpadding="0">
				<tr valign="top" align="left">
					<td ALIGN=CENTER WIDTH=166 VALIGN=TOP><a href="https://itunes.apple.com/album/get-down-duck-dance-version/id631508794?uo=1&v0=9988"><img border="0" src="http://a803.phobos.apple.com/us/r30/Music2/v4/a0/1e/fc/a01efc46-bb31-8a5b-0283-6a7e9ba5d3e5/859709872100_cover.100x100-75.jpg" /></a></td>
					<td width="10"><img alt="" width="10" height="1" src="https://s.mzstatic.com/images/spacer.gif" /></td>
					<td width="95%"><B><a href="https://itunes.apple.com/album/get-down-duck-dance-version/id631508794?uo=1&v0=9988">Get Down with the Duck (Dance Version) - Single</a></B><br>
						<a href="https://itunes.apple.com/artist/i.c.-hope/id607207582?uo=1&v0=9988">I.C. Hope</a><br><br>
						<font size="3" FACE="Helvetica,Arial,Geneva,Swiss,SunSans-Regular"><B>Release Date:</B>
						April 3, 2013<br>
						</font><font size="3" FACE="Helvetica,Arial,Geneva,Swiss,SunSans-Regular"><B>Total Songs:</B>
						1</font><br>
						<font size="3" FACE="Helvetica,Arial,Geneva,Swiss,SunSans-Regular"><B>Genre:</B>
						<a href="https://itunes.apple.com/genre/music-childrens-music/id4?uo=1&v0=9988">Children's Music</a></font><br>
						<font size="3" FACE="Helvetica,Arial,Geneva,Swiss,SunSans-Regular"><B>Price:</B>
						$0.99</font><br>
						<font size="3" FACE="Helvetica,Arial,Geneva,Swiss,SunSans-Regular"><B>Copyright</B>
						℗ 2013 I.C. HOPE</font></td>
				</tr>
			</table></TD></TR>
			</TABLE>
]]></content:encoded>
    <category domain="https://itunes.apple.com/genre/music-childrens-music/id4?uo=1&amp;v0=9988">Children&#39;s Music</category>
    <itms:artist>I.C. Hope</itms:artist>
    <itms:artistLink>https://itunes.apple.com/artist/i.c.-hope/id607207582?uo=1&amp;v0=9988</itms:artistLink>
    <itms:album>Get Down with the Duck (Dance Version) - Single</itms:album>
    <itms:albumLink>https://itunes.apple.com/album/get-down-duck-dance-version/id631508794?uo=1&amp;v0=9988</itms:albumLink>
    <itms:albumPrice>$0.99</itms:albumPrice>
                
                <itms:coverArt height="53" width="53">http://a274.phobos.apple.com/us/r30/Music2/v4/a0/1e/fc/a01efc46-bb31-8a5b-0283-6a7e9ba5d3e5/859709872100_cover.53x53-50.jpg</itms:coverArt>
    <itms:coverArt height="60" width="60">http://a1250.phobos.apple.com/us/r30/Music2/v4/a0/1e/fc/a01efc46-bb31-8a5b-0283-6a7e9ba5d3e5/859709872100_cover.60x60-50.jpg</itms:coverArt>
    <itms:coverArt height="100" width="100">http://a803.phobos.apple.com/us/r30/Music2/v4/a0/1e/fc/a01efc46-bb31-8a5b-0283-6a7e9ba5d3e5/859709872100_cover.100x100-75.jpg</itms:coverArt>
    
    
    <itms:rights>&#8471; 2013 I.C. HOPE</itms:rights>
    
        <itms:releasedate>April 3, 2013</itms:releasedate>
    

</item>
<item>
    <title>Learning Songs for Children - The Kiboomers</title>
    <link>https://itunes.apple.com/album/learning-songs-for-children/id631853906?uo=1&amp;v0=9988</link>
    <description>Learning Songs for Children by The Kiboomers</description>
    <pubDate>Fri, 19 Apr 2013 02:48:30 -0700</pubDate>
    <content:encoded><![CDATA[<TABLE BORDER=0 WIDTH="100%"><TR><TD><table border="0" width="100%" cellspacing="0" cellpadding="0">
				<tr valign="top" align="left">
					<td ALIGN=CENTER WIDTH=166 VALIGN=TOP><a href="https://itunes.apple.com/album/learning-songs-for-children/id631853906?uo=1&v0=9988"><img border="0" src="http://a1953.phobos.apple.com/us/r1000/068/Music2/v4/a3/0a/0a/a30a0a40-a994-9191-9c4c-a6451d54aec0/888002050113.100x100-75.jpg" /></a></td>
					<td width="10"><img alt="" width="10" height="1" src="https://s.mzstatic.com/images/spacer.gif" /></td>
					<td width="95%"><B><a href="https://itunes.apple.com/album/learning-songs-for-children/id631853906?uo=1&v0=9988">Learning Songs for Children</a></B><br>
						<a href="https://itunes.apple.com/artist/the-kiboomers/id395585033?uo=1&v0=9988">The Kiboomers</a><br><br>
						<font size="3" FACE="Helvetica,Arial,Geneva,Swiss,SunSans-Regular"><B>Release Date:</B>
						April 3, 2013<br>
						</font><font size="3" FACE="Helvetica,Arial,Geneva,Swiss,SunSans-Regular"><B>Total Songs:</B>
						20</font><br>
						<font size="3" FACE="Helvetica,Arial,Geneva,Swiss,SunSans-Regular"><B>Genre:</B>
						<a href="https://itunes.apple.com/genre/music-childrens-music/id4?uo=1&v0=9988">Children's Music</a></font><br>
						<font size="3" FACE="Helvetica,Arial,Geneva,Swiss,SunSans-Regular"><B>Price:</B>
						$7.99</font><br>
						<font size="3" FACE="Helvetica,Arial,Geneva,Swiss,SunSans-Regular"><B>Copyright</B>
						℗ 2013 Kiboomu</font></td>
				</tr>
			</table></TD></TR>
			</TABLE>
]]></content:encoded>
    <category domain="https://itunes.apple.com/genre/music-childrens-music/id4?uo=1&amp;v0=9988">Children&#39;s Music</category>
    <itms:artist>The Kiboomers</itms:artist>
    <itms:artistLink>https://itunes.apple.com/artist/the-kiboomers/id395585033?uo=1&amp;v0=9988</itms:artistLink>
    <itms:album>Learning Songs for Children</itms:album>
    <itms:albumLink>https://itunes.apple.com/album/learning-songs-for-children/id631853906?uo=1&amp;v0=9988</itms:albumLink>
    <itms:albumPrice>$7.99</itms:albumPrice>
                
                <itms:coverArt height="53" width="53">http://a1840.phobos.apple.com/us/r1000/068/Music2/v4/a3/0a/0a/a30a0a40-a994-9191-9c4c-a6451d54aec0/888002050113.53x53-50.jpg</itms:coverArt>
    <itms:coverArt height="60" width="60">http://a1168.phobos.apple.com/us/r1000/068/Music2/v4/a3/0a/0a/a30a0a40-a994-9191-9c4c-a6451d54aec0/888002050113.60x60-50.jpg</itms:coverArt>
    <itms:coverArt height="100" width="100">http://a1953.phobos.apple.com/us/r1000/068/Music2/v4/a3/0a/0a/a30a0a40-a994-9191-9c4c-a6451d54aec0/888002050113.100x100-75.jpg</itms:coverArt>
    
    
    <itms:rights>&#8471; 2013 Kiboomu</itms:rights>
    
        <itms:releasedate>April 3, 2013</itms:releasedate>
    

</item>
<item>
    <title>Book Worm - Single - Blair Booth</title>
    <link>https://itunes.apple.com/album/book-worm-single/id622650588?uo=1&amp;v0=9988</link>
    <description>Book Worm - Single by Blair Booth</description>
    <pubDate>Fri, 19 Apr 2013 02:48:30 -0700</pubDate>
    <content:encoded><![CDATA[<TABLE BORDER=0 WIDTH="100%"><TR><TD><table border="0" width="100%" cellspacing="0" cellpadding="0">
				<tr valign="top" align="left">
					<td ALIGN=CENTER WIDTH=166 VALIGN=TOP><a href="https://itunes.apple.com/album/book-worm-single/id622650588?uo=1&v0=9988"><img border="0" src="http://a1535.phobos.apple.com/us/r30/Music/v4/93/d3/e2/93d3e2fe-1b63-dad7-6e2e-8c54eda7513e/859709774176_cover.100x100-75.jpg" /></a></td>
					<td width="10"><img alt="" width="10" height="1" src="https://s.mzstatic.com/images/spacer.gif" /></td>
					<td width="95%"><B><a href="https://itunes.apple.com/album/book-worm-single/id622650588?uo=1&v0=9988">Book Worm - Single</a></B><br>
						<a href="https://itunes.apple.com/artist/blair-booth/id397146639?uo=1&v0=9988">Blair Booth</a><br><br>
						<font size="3" FACE="Helvetica,Arial,Geneva,Swiss,SunSans-Regular"><B>Release Date:</B>
						April 2, 2013<br>
						</font><font size="3" FACE="Helvetica,Arial,Geneva,Swiss,SunSans-Regular"><B>Total Songs:</B>
						1</font><br>
						<font size="3" FACE="Helvetica,Arial,Geneva,Swiss,SunSans-Regular"><B>Genre:</B>
						<a href="https://itunes.apple.com/genre/music-childrens-music/id4?uo=1&v0=9988">Children's Music</a></font><br>
						<font size="3" FACE="Helvetica,Arial,Geneva,Swiss,SunSans-Regular"><B>Price:</B>
						$0.99</font><br>
						<font size="3" FACE="Helvetica,Arial,Geneva,Swiss,SunSans-Regular"><B>Copyright</B>
						℗ 2013 Ice Cream Music Film Animation for Kids</font></td>
				</tr>
			</table></TD></TR>
			</TABLE>
]]></content:encoded>
    <category domain="https://itunes.apple.com/genre/music-childrens-music/id4?uo=1&amp;v0=9988">Children&#39;s Music</category>
    <itms:artist>Blair Booth</itms:artist>
    <itms:artistLink>https://itunes.apple.com/artist/blair-booth/id397146639?uo=1&amp;v0=9988</itms:artistLink>
    <itms:album>Book Worm - Single</itms:album>
    <itms:albumLink>https://itunes.apple.com/album/book-worm-single/id622650588?uo=1&amp;v0=9988</itms:albumLink>
    <itms:albumPrice>$0.99</itms:albumPrice>
                
                <itms:coverArt height="53" width="53">http://a1726.phobos.apple.com/us/r30/Music/v4/93/d3/e2/93d3e2fe-1b63-dad7-6e2e-8c54eda7513e/859709774176_cover.53x53-50.jpg</itms:coverArt>
    <itms:coverArt height="60" width="60">http://a702.phobos.apple.com/us/r30/Music/v4/93/d3/e2/93d3e2fe-1b63-dad7-6e2e-8c54eda7513e/859709774176_cover.60x60-50.jpg</itms:coverArt>
    <itms:coverArt height="100" width="100">http://a1535.phobos.apple.com/us/r30/Music/v4/93/d3/e2/93d3e2fe-1b63-dad7-6e2e-8c54eda7513e/859709774176_cover.100x100-75.jpg</itms:coverArt>
    
    
    <itms:rights>&#8471; 2013 Ice Cream Music Film Animation for Kids</itms:rights>
    
        <itms:releasedate>April 2, 2013</itms:releasedate>
    

</item>
<item>
    <title>U.S. States and Capitals Songs - The Kiboomers</title>
    <link>https://itunes.apple.com/album/u.s.-states-capitals-songs/id631811986?uo=1&amp;v0=9988</link>
    <description>U.S. States and Capitals Songs by The Kiboomers</description>
    <pubDate>Fri, 19 Apr 2013 02:48:30 -0700</pubDate>
    <content:encoded><![CDATA[<TABLE BORDER=0 WIDTH="100%"><TR><TD><table border="0" width="100%" cellspacing="0" cellpadding="0">
				<tr valign="top" align="left">
					<td ALIGN=CENTER WIDTH=166 VALIGN=TOP><a href="https://itunes.apple.com/album/u.s.-states-capitals-songs/id631811986?uo=1&v0=9988"><img border="0" src="http://a886.phobos.apple.com/us/r1000/094/Music2/v4/f7/3b/78/f73b7822-5ff5-73f6-3195-58a22759ff5c/888002050502.100x100-75.jpg" /></a></td>
					<td width="10"><img alt="" width="10" height="1" src="https://s.mzstatic.com/images/spacer.gif" /></td>
					<td width="95%"><B><a href="https://itunes.apple.com/album/u.s.-states-capitals-songs/id631811986?uo=1&v0=9988">U.S. States and Capitals Songs</a></B><br>
						<a href="https://itunes.apple.com/artist/the-kiboomers/id395585033?uo=1&v0=9988">The Kiboomers</a><br><br>
						<font size="3" FACE="Helvetica,Arial,Geneva,Swiss,SunSans-Regular"><B>Release Date:</B>
						April 2, 2013<br>
						</font><font size="3" FACE="Helvetica,Arial,Geneva,Swiss,SunSans-Regular"><B>Total Songs:</B>
						14</font><br>
						<font size="3" FACE="Helvetica,Arial,Geneva,Swiss,SunSans-Regular"><B>Genre:</B>
						<a href="https://itunes.apple.com/genre/music-childrens-music/id4?uo=1&v0=9988">Children's Music</a></font><br>
						<font size="3" FACE="Helvetica,Arial,Geneva,Swiss,SunSans-Regular"><B>Price:</B>
						$7.99</font><br>
						<font size="3" FACE="Helvetica,Arial,Geneva,Swiss,SunSans-Regular"><B>Copyright</B>
						℗ 2013 Kiboomu</font></td>
				</tr>
			</table></TD></TR>
			</TABLE>
]]></content:encoded>
    <category domain="https://itunes.apple.com/genre/music-childrens-music/id4?uo=1&amp;v0=9988">Children&#39;s Music</category>
    <itms:artist>The Kiboomers</itms:artist>
    <itms:artistLink>https://itunes.apple.com/artist/the-kiboomers/id395585033?uo=1&amp;v0=9988</itms:artistLink>
    <itms:album>U.S. States and Capitals Songs</itms:album>
    <itms:albumLink>https://itunes.apple.com/album/u.s.-states-capitals-songs/id631811986?uo=1&amp;v0=9988</itms:albumLink>
    <itms:albumPrice>$7.99</itms:albumPrice>
                
                <itms:coverArt height="53" width="53">http://a1013.phobos.apple.com/us/r1000/094/Music2/v4/f7/3b/78/f73b7822-5ff5-73f6-3195-58a22759ff5c/888002050502.53x53-50.jpg</itms:coverArt>
    <itms:coverArt height="60" width="60">http://a341.phobos.apple.com/us/r1000/094/Music2/v4/f7/3b/78/f73b7822-5ff5-73f6-3195-58a22759ff5c/888002050502.60x60-50.jpg</itms:coverArt>
    <itms:coverArt height="100" width="100">http://a886.phobos.apple.com/us/r1000/094/Music2/v4/f7/3b/78/f73b7822-5ff5-73f6-3195-58a22759ff5c/888002050502.100x100-75.jpg</itms:coverArt>
    
    
    <itms:rights>&#8471; 2013 Kiboomu</itms:rights>
    
        <itms:releasedate>April 2, 2013</itms:releasedate>
    

</item>
<item>
    <title>Kids&#39; Favourite Songs - The C.R.S. Players</title>
    <link>https://itunes.apple.com/album/kids-favourite-songs/id627090342?uo=1&amp;v0=9988</link>
    <description>Kids&#39; Favourite Songs by The C.R.S. Players</description>
    <pubDate>Fri, 19 Apr 2013 02:48:30 -0700</pubDate>
    <content:encoded><![CDATA[<TABLE BORDER=0 WIDTH="100%"><TR><TD><table border="0" width="100%" cellspacing="0" cellpadding="0">
				<tr valign="top" align="left">
					<td ALIGN=CENTER WIDTH=166 VALIGN=TOP><a href="https://itunes.apple.com/album/kids-favourite-songs/id627090342?uo=1&v0=9988"><img border="0" src="http://a357.phobos.apple.com/us/r30/Music/v4/2c/70/ea/2c70ea37-4921-3074-24d6-5d1e0f40585e/33477.100x100-75.jpg" /></a></td>
					<td width="10"><img alt="" width="10" height="1" src="https://s.mzstatic.com/images/spacer.gif" /></td>
					<td width="95%"><B><a href="https://itunes.apple.com/album/kids-favourite-songs/id627090342?uo=1&v0=9988">Kids' Favourite Songs</a></B><br>
						<a href="https://itunes.apple.com/artist/the-c.r.s.-players/id147204699?uo=1&v0=9988">The C.R.S. Players</a><br><br>
						<font size="3" FACE="Helvetica,Arial,Geneva,Swiss,SunSans-Regular"><B>Release Date:</B>
						April 2, 2013<br>
						</font><font size="3" FACE="Helvetica,Arial,Geneva,Swiss,SunSans-Regular"><B>Total Songs:</B>
						15</font><br>
						<font size="3" FACE="Helvetica,Arial,Geneva,Swiss,SunSans-Regular"><B>Genre:</B>
						<a href="https://itunes.apple.com/genre/music-childrens-music/id4?uo=1&v0=9988">Children's Music</a></font><br>
						<font size="3" FACE="Helvetica,Arial,Geneva,Swiss,SunSans-Regular"><B>Price:</B>
						$9.99</font><br>
						<font size="3" FACE="Helvetica,Arial,Geneva,Swiss,SunSans-Regular"><B>Copyright</B>
						℗ 2013 CRS Records Ltd</font></td>
				</tr>
			</table></TD></TR>
			</TABLE>
]]></content:encoded>
    <category domain="https://itunes.apple.com/genre/music-childrens-music/id4?uo=1&amp;v0=9988">Children&#39;s Music</category>
    <itms:artist>The C.R.S. Players</itms:artist>
    <itms:artistLink>https://itunes.apple.com/artist/the-c.r.s.-players/id147204699?uo=1&amp;v0=9988</itms:artistLink>
    <itms:album>Kids&#39; Favourite Songs</itms:album>
    <itms:albumLink>https://itunes.apple.com/album/kids-favourite-songs/id627090342?uo=1&amp;v0=9988</itms:albumLink>
    <itms:albumPrice>$9.99</itms:albumPrice>
                
                <itms:coverArt height="53" width="53">http://a1940.phobos.apple.com/us/r30/Music/v4/2c/70/ea/2c70ea37-4921-3074-24d6-5d1e0f40585e/33477.53x53-50.jpg</itms:coverArt>
    <itms:coverArt height="60" width="60">http://a916.phobos.apple.com/us/r30/Music/v4/2c/70/ea/2c70ea37-4921-3074-24d6-5d1e0f40585e/33477.60x60-50.jpg</itms:coverArt>
    <itms:coverArt height="100" width="100">http://a357.phobos.apple.com/us/r30/Music/v4/2c/70/ea/2c70ea37-4921-3074-24d6-5d1e0f40585e/33477.100x100-75.jpg</itms:coverArt>
    
    
    <itms:rights>&#8471; 2013 CRS Records Ltd</itms:rights>
    
        <itms:releasedate>April 2, 2013</itms:releasedate>
    

</item>
<item>
    <title>Twinkle Twinkle Little Star - The C.R.S. Players</title>
    <link>https://itunes.apple.com/album/twinkle-twinkle-little-star/id627102070?uo=1&amp;v0=9988</link>
    <description>Twinkle Twinkle Little Star by The C.R.S. Players</description>
    <pubDate>Fri, 19 Apr 2013 02:48:30 -0700</pubDate>
    <content:encoded><![CDATA[<TABLE BORDER=0 WIDTH="100%"><TR><TD><table border="0" width="100%" cellspacing="0" cellpadding="0">
				<tr valign="top" align="left">
					<td ALIGN=CENTER WIDTH=166 VALIGN=TOP><a href="https://itunes.apple.com/album/twinkle-twinkle-little-star/id627102070?uo=1&v0=9988"><img border="0" src="http://a324.phobos.apple.com/us/r1000/088/Music2/v4/1c/b7/ff/1cb7ff5e-88f4-75c5-9424-c71a7ca83742/33433.100x100-75.jpg" /></a></td>
					<td width="10"><img alt="" width="10" height="1" src="https://s.mzstatic.com/images/spacer.gif" /></td>
					<td width="95%"><B><a href="https://itunes.apple.com/album/twinkle-twinkle-little-star/id627102070?uo=1&v0=9988">Twinkle Twinkle Little Star</a></B><br>
						<a href="https://itunes.apple.com/artist/the-c.r.s.-players/id147204699?uo=1&v0=9988">The C.R.S. Players</a><br><br>
						<font size="3" FACE="Helvetica,Arial,Geneva,Swiss,SunSans-Regular"><B>Release Date:</B>
						April 2, 2013<br>
						</font><font size="3" FACE="Helvetica,Arial,Geneva,Swiss,SunSans-Regular"><B>Total Songs:</B>
						15</font><br>
						<font size="3" FACE="Helvetica,Arial,Geneva,Swiss,SunSans-Regular"><B>Genre:</B>
						<a href="https://itunes.apple.com/genre/music-childrens-music/id4?uo=1&v0=9988">Children's Music</a></font><br>
						<font size="3" FACE="Helvetica,Arial,Geneva,Swiss,SunSans-Regular"><B>Price:</B>
						$9.99</font><br>
						<font size="3" FACE="Helvetica,Arial,Geneva,Swiss,SunSans-Regular"><B>Copyright</B>
						℗ 2013 CRS Records Ltd</font></td>
				</tr>
			</table></TD></TR>
			</TABLE>
]]></content:encoded>
    <category domain="https://itunes.apple.com/genre/music-childrens-music/id4?uo=1&amp;v0=9988">Children&#39;s Music</category>
    <itms:artist>The C.R.S. Players</itms:artist>
    <itms:artistLink>https://itunes.apple.com/artist/the-c.r.s.-players/id147204699?uo=1&amp;v0=9988</itms:artistLink>
    <itms:album>Twinkle Twinkle Little Star</itms:album>
    <itms:albumLink>https://itunes.apple.com/album/twinkle-twinkle-little-star/id627102070?uo=1&amp;v0=9988</itms:albumLink>
    <itms:albumPrice>$9.99</itms:albumPrice>
                
                <itms:coverArt height="53" width="53">http://a419.phobos.apple.com/us/r1000/088/Music2/v4/1c/b7/ff/1cb7ff5e-88f4-75c5-9424-c71a7ca83742/33433.53x53-50.jpg</itms:coverArt>
    <itms:coverArt height="60" width="60">http://a1395.phobos.apple.com/us/r1000/088/Music2/v4/1c/b7/ff/1cb7ff5e-88f4-75c5-9424-c71a7ca83742/33433.60x60-50.jpg</itms:coverArt>
    <itms:coverArt height="100" width="100">http://a324.phobos.apple.com/us/r1000/088/Music2/v4/1c/b7/ff/1cb7ff5e-88f4-75c5-9424-c71a7ca83742/33433.100x100-75.jpg</itms:coverArt>
    
    
    <itms:rights>&#8471; 2013 CRS Records Ltd</itms:rights>
    
        <itms:releasedate>April 2, 2013</itms:releasedate>
    

</item>
<item>
    <title>We&#39;ve Come Alive - GO Kids Music</title>
    <link>https://itunes.apple.com/album/weve-come-alive/id624112607?uo=1&amp;v0=9988</link>
    <description>We&#39;ve Come Alive by GO Kids Music</description>
    <pubDate>Fri, 19 Apr 2013 02:48:30 -0700</pubDate>
    <content:encoded><![CDATA[<TABLE BORDER=0 WIDTH="100%"><TR><TD><table border="0" width="100%" cellspacing="0" cellpadding="0">
				<tr valign="top" align="left">
					<td ALIGN=CENTER WIDTH=166 VALIGN=TOP><a href="https://itunes.apple.com/album/weve-come-alive/id624112607?uo=1&v0=9988"><img border="0" src="http://a1952.phobos.apple.com/us/r30/Music/v4/ec/6a/4e/ec6a4efa-d122-bff6-9108-ceab10aa4069/845350088694.100x100-75.jpg" /></a></td>
					<td width="10"><img alt="" width="10" height="1" src="https://s.mzstatic.com/images/spacer.gif" /></td>
					<td width="95%"><B><a href="https://itunes.apple.com/album/weve-come-alive/id624112607?uo=1&v0=9988">We've Come Alive</a></B><br>
						<a href="https://itunes.apple.com/artist/go-kids-music/id624112854?uo=1&v0=9988">GO Kids Music</a><br><br>
						<font size="3" FACE="Helvetica,Arial,Geneva,Swiss,SunSans-Regular"><B>Release Date:</B>
						April 2, 2013<br>
						</font><font size="3" FACE="Helvetica,Arial,Geneva,Swiss,SunSans-Regular"><B>Total Songs:</B>
						10</font><br>
						<font size="3" FACE="Helvetica,Arial,Geneva,Swiss,SunSans-Regular"><B>Genre:</B>
						<a href="https://itunes.apple.com/genre/music-childrens-music/id4?uo=1&v0=9988">Children's Music</a></font><br>
						<font size="3" FACE="Helvetica,Arial,Geneva,Swiss,SunSans-Regular"><B>Price:</B>
						$9.90</font><br>
						<font size="3" FACE="Helvetica,Arial,Geneva,Swiss,SunSans-Regular"><B>Copyright</B>
						℗ 2013 River Valley Church</font></td>
				</tr>
			</table></TD></TR>
			</TABLE>
]]></content:encoded>
    <category domain="https://itunes.apple.com/genre/music-childrens-music/id4?uo=1&amp;v0=9988">Children&#39;s Music</category>
    <itms:artist>GO Kids Music</itms:artist>
    <itms:artistLink>https://itunes.apple.com/artist/go-kids-music/id624112854?uo=1&amp;v0=9988</itms:artistLink>
    <itms:album>We&#39;ve Come Alive</itms:album>
    <itms:albumLink>https://itunes.apple.com/album/weve-come-alive/id624112607?uo=1&amp;v0=9988</itms:albumLink>
    <itms:albumPrice>$9.90</itms:albumPrice>
                
                <itms:coverArt height="53" width="53">http://a495.phobos.apple.com/us/r30/Music/v4/ec/6a/4e/ec6a4efa-d122-bff6-9108-ceab10aa4069/845350088694.53x53-50.jpg</itms:coverArt>
    <itms:coverArt height="60" width="60">http://a1471.phobos.apple.com/us/r30/Music/v4/ec/6a/4e/ec6a4efa-d122-bff6-9108-ceab10aa4069/845350088694.60x60-50.jpg</itms:coverArt>
    <itms:coverArt height="100" width="100">http://a1952.phobos.apple.com/us/r30/Music/v4/ec/6a/4e/ec6a4efa-d122-bff6-9108-ceab10aa4069/845350088694.100x100-75.jpg</itms:coverArt>
    
    
    <itms:rights>&#8471; 2013 River Valley Church</itms:rights>
    
        <itms:releasedate>April 2, 2013</itms:releasedate>
    

</item>
<item>
    <title>Lullaby Versions of Deadmau5 - Twinkle Twinkle Little Rock Star</title>
    <link>https://itunes.apple.com/album/lullaby-versions-of-deadmau5/id615097185?uo=1&amp;v0=9988</link>
    <description>Lullaby Versions of Deadmau5 by Twinkle Twinkle Little Rock Star</description>
    <pubDate>Fri, 19 Apr 2013 02:48:30 -0700</pubDate>
    <content:encoded><![CDATA[<TABLE BORDER=0 WIDTH="100%"><TR><TD><table border="0" width="100%" cellspacing="0" cellpadding="0">
				<tr valign="top" align="left">
					<td ALIGN=CENTER WIDTH=166 VALIGN=TOP><a href="https://itunes.apple.com/album/lullaby-versions-of-deadmau5/id615097185?uo=1&v0=9988"><img border="0" src="http://a736.phobos.apple.com/us/r30/Music2/v4/d7/0c/1f/d70c1f88-574a-aa0f-b6a8-525ce386bd31/887158372544_Cover.100x100-75.jpg" /></a></td>
					<td width="10"><img alt="" width="10" height="1" src="https://s.mzstatic.com/images/spacer.gif" /></td>
					<td width="95%"><B><a href="https://itunes.apple.com/album/lullaby-versions-of-deadmau5/id615097185?uo=1&v0=9988">Lullaby Versions of Deadmau5</a></B><br>
						<a href="https://itunes.apple.com/artist/twinkle-twinkle-little-rock/id314333781?uo=1&v0=9988">Twinkle Twinkle Little Rock Star</a><br><br>
						<font size="3" FACE="Helvetica,Arial,Geneva,Swiss,SunSans-Regular"><B>Release Date:</B>
						April 2, 2013<br>
						</font><font size="3" FACE="Helvetica,Arial,Geneva,Swiss,SunSans-Regular"><B>Total Songs:</B>
						12</font><br>
						<font size="3" FACE="Helvetica,Arial,Geneva,Swiss,SunSans-Regular"><B>Genre:</B>
						<a href="https://itunes.apple.com/genre/music-childrens-music/id4?uo=1&v0=9988">Children's Music</a></font><br>
						<font size="3" FACE="Helvetica,Arial,Geneva,Swiss,SunSans-Regular"><B>Price:</B>
						$7.99</font><br>
						<font size="3" FACE="Helvetica,Arial,Geneva,Swiss,SunSans-Regular"><B>Copyright</B>
						℗ 2013 Roma Music Group</font></td>
				</tr>
			</table></TD></TR>
			</TABLE>
]]></content:encoded>
    <category domain="https://itunes.apple.com/genre/music-childrens-music/id4?uo=1&amp;v0=9988">Children&#39;s Music</category>
    <itms:artist>Twinkle Twinkle Little Rock Star</itms:artist>
    <itms:artistLink>https://itunes.apple.com/artist/twinkle-twinkle-little-rock/id314333781?uo=1&amp;v0=9988</itms:artistLink>
    <itms:album>Lullaby Versions of Deadmau5</itms:album>
    <itms:albumLink>https://itunes.apple.com/album/lullaby-versions-of-deadmau5/id615097185?uo=1&amp;v0=9988</itms:albumLink>
    <itms:albumPrice>$7.99</itms:albumPrice>
                
                <itms:coverArt height="53" width="53">http://a735.phobos.apple.com/us/r30/Music2/v4/d7/0c/1f/d70c1f88-574a-aa0f-b6a8-525ce386bd31/887158372544_Cover.53x53-50.jpg</itms:coverArt>
    <itms:coverArt height="60" width="60">http://a1711.phobos.apple.com/us/r30/Music2/v4/d7/0c/1f/d70c1f88-574a-aa0f-b6a8-525ce386bd31/887158372544_Cover.60x60-50.jpg</itms:coverArt>
    <itms:coverArt height="100" width="100">http://a736.phobos.apple.com/us/r30/Music2/v4/d7/0c/1f/d70c1f88-574a-aa0f-b6a8-525ce386bd31/887158372544_Cover.100x100-75.jpg</itms:coverArt>
    
    
    <itms:rights>&#8471; 2013 Roma Music Group</itms:rights>
    
        <itms:releasedate>April 2, 2013</itms:releasedate>
    

</item>
<item>
    <title>Reading Songs for Children (feat. Wendy Wiseman) - The Kiboomers</title>
    <link>https://itunes.apple.com/album/reading-songs-for-children/id631879283?uo=1&amp;v0=9988</link>
    <description>Reading Songs for Children (feat. Wendy Wiseman) by The Kiboomers</description>
    <pubDate>Fri, 19 Apr 2013 02:48:30 -0700</pubDate>
    <content:encoded><![CDATA[<TABLE BORDER=0 WIDTH="100%"><TR><TD><table border="0" width="100%" cellspacing="0" cellpadding="0">
				<tr valign="top" align="left">
					<td ALIGN=CENTER WIDTH=166 VALIGN=TOP><a href="https://itunes.apple.com/album/reading-songs-for-children/id631879283?uo=1&v0=9988"><img border="0" src="http://a1476.phobos.apple.com/us/r1000/120/Music2/v4/4b/da/1f/4bda1f18-fd32-b55a-7617-a35f765aef40/888002050847.100x100-75.jpg" /></a></td>
					<td width="10"><img alt="" width="10" height="1" src="https://s.mzstatic.com/images/spacer.gif" /></td>
					<td width="95%"><B><a href="https://itunes.apple.com/album/reading-songs-for-children/id631879283?uo=1&v0=9988">Reading Songs for Children (feat. Wendy Wiseman)</a></B><br>
						<a href="https://itunes.apple.com/artist/the-kiboomers/id395585033?uo=1&v0=9988">The Kiboomers</a><br><br>
						<font size="3" FACE="Helvetica,Arial,Geneva,Swiss,SunSans-Regular"><B>Release Date:</B>
						April 2, 2013<br>
						</font><font size="3" FACE="Helvetica,Arial,Geneva,Swiss,SunSans-Regular"><B>Total Songs:</B>
						49</font><br>
						<font size="3" FACE="Helvetica,Arial,Geneva,Swiss,SunSans-Regular"><B>Genre:</B>
						<a href="https://itunes.apple.com/genre/music-childrens-music/id4?uo=1&v0=9988">Children's Music</a></font><br>
						<font size="3" FACE="Helvetica,Arial,Geneva,Swiss,SunSans-Regular"><B>Price:</B>
						$8.99</font><br>
						<font size="3" FACE="Helvetica,Arial,Geneva,Swiss,SunSans-Regular"><B>Copyright</B>
						℗ 2013 Kiboomu</font></td>
				</tr>
			</table></TD></TR>
			</TABLE>
]]></content:encoded>
    <category domain="https://itunes.apple.com/genre/music-childrens-music/id4?uo=1&amp;v0=9988">Children&#39;s Music</category>
    <itms:artist>The Kiboomers</itms:artist>
    <itms:artistLink>https://itunes.apple.com/artist/the-kiboomers/id395585033?uo=1&amp;v0=9988</itms:artistLink>
    <itms:album>Reading Songs for Children (feat. Wendy Wiseman)</itms:album>
    <itms:albumLink>https://itunes.apple.com/album/reading-songs-for-children/id631879283?uo=1&amp;v0=9988</itms:albumLink>
    <itms:albumPrice>$8.99</itms:albumPrice>
                
                <itms:coverArt height="53" width="53">http://a1123.phobos.apple.com/us/r1000/120/Music2/v4/4b/da/1f/4bda1f18-fd32-b55a-7617-a35f765aef40/888002050847.53x53-50.jpg</itms:coverArt>
    <itms:coverArt height="60" width="60">http://a451.phobos.apple.com/us/r1000/120/Music2/v4/4b/da/1f/4bda1f18-fd32-b55a-7617-a35f765aef40/888002050847.60x60-50.jpg</itms:coverArt>
    <itms:coverArt height="100" width="100">http://a1476.phobos.apple.com/us/r1000/120/Music2/v4/4b/da/1f/4bda1f18-fd32-b55a-7617-a35f765aef40/888002050847.100x100-75.jpg</itms:coverArt>
    
    
    <itms:rights>&#8471; 2013 Kiboomu</itms:rights>
    
        <itms:releasedate>April 2, 2013</itms:releasedate>
    

</item>

	</channel>
</rss>